hour,val
1.0,0.049736565896193984
11.0,0.5022031049751107
21.0,0.8886766014841702
31.0,1.2253022476077005
41.0,1.523164684666619
51.0,1.8055804892114298
61.0,2.0849063424831633
71.0,2.3611764488564004
81.0,2.634425063989376
91.0,2.904686029604315
101.0,3.171992012770957
111.0,3.436375320505304
121.0,3.69786790725936
131.0,3.9565013787521846
141.0,4.2123069957593735
151.0,4.465315707930573
161.0,4.715558197532923
171.0,4.963064711878359
181.0,5.2078651598540615
191.0,5.449989124331707
201.0,5.689465865692011
211.0,5.92632432531186
221.0,6.160593147198079
231.0,6.392300776795893
241.0,6.621475233800524
251.0,6.848144205358342
261.0,7.072335077375019
271.0,7.294074937741731
281.0,7.513390579528999
291.0,7.730308511199623
301.0,7.94485510312558
311.0,8.157056332277042
321.0,8.366937826911768
331.0,8.574524937259277
341.0,8.779842738449926
351.0,8.982916033418135
361.0,9.184057034354298
371.0,9.382888140673705
381.0,9.57937321844996
391.0,9.773709844355839
401.0,9.965921522036735
411.0,10.156031497071261
421.0,10.344062759920018
431.0,10.53003804882645
441.0,10.714690895087209
451.0,10.897343793632166
461.0,11.07794199987144
471.0,11.258270681259878
481.0,11.439919866811799
491.0,11.622790056581822
501.0,11.806789732387688
511.0,11.99183480077525
521.0,12.177848445727845
531.0,12.364757407649716
541.0,12.552484960400129
551.0,12.740961201191205
561.0,12.930124770744845
571.0,13.119921775710178
581.0,13.30680772686405
591.0,13.472355300027088
601.0,13.626754836224682
611.0,13.77944115706302
621.0,13.930439289343049
631.0,14.07977216672161
641.0,14.227461257969198
651.0,14.37352719627612
661.0,14.517992717814582
671.0,14.66087673351875
681.0,14.802196595399113
691.0,14.941969466740598
701.0,15.080212323923988
711.0,15.216941958239758
721.0,15.352174972582237
731.0,15.485927230387496
741.0,15.61821472495936
751.0,15.749053688789356
761.0,15.878460156223886
771.0,16.006449967806823
781.0,16.133038774332288
791.0,16.258242040639274
801.0,16.382075308751034
811.0,16.50455399409492
821.0,16.62569292666326
831.0,16.74550677168045
841.0,16.86401003467448
851.0,16.981217063142402
861.0,17.097142048200784
871.0,17.211924580371875
881.0,17.32548419967156
891.0,17.43778216772486
901.0,17.54883667029012
911.0,17.658664705059312
921.0,17.76728236872049
931.0,17.874705059478472
941.0,17.980949517235352
951.0,18.086040945623143
961.0,18.189994110968023
971.0,18.292821924660434
981.0,18.39453761077058
991.0,18.49515509145105
1001.0,18.594689718764137
1011.0,18.693157341323513
1021.0,18.7905389542501
1031.0,18.886836397691624
1041.0,18.98206417597559
1051.0,19.076236472435504
1061.0,19.16936691740497
1071.0,19.261468661326198
1081.0,19.352680704223197
1091.0,19.443966049974623
1101.0,19.534157425739945
1111.0,19.62327444571749
1121.0,19.71133597033099
1131.0,19.798360146075712
1141.0,19.88436444367804
1151.0,19.969365694580375
1161.0,20.053380227375936
1171.0,20.136691363867868
1181.0,20.220982574684946
1191.0,20.3064629616602
1201.0,20.393041009577
1211.0,20.48063176496102
1221.0,20.56914728555124
1231.0,20.658502369932798
1241.0,20.74862150257416
1251.0,20.839438072195406
1261.0,20.930893332499693
1271.0,21.022935429978933
1281.0,21.115518561488138
1291.0,21.20860224257794
1301.0,21.302754068602848
1311.0,21.3991131706881
1321.0,21.497317277696283
1331.0,21.597209894429838
1341.0,21.69865133552911
1351.0,21.801516789972876
1361.0,21.905694626383283
1371.0,22.011084891641215
1381.0,22.117597429467708
1391.0,22.225150978386242
1401.0,22.333672661039824
1411.0,22.44309702950093
1421.0,22.553365273009216
1431.0,22.664424519447895
1441.0,22.776215547974417
1451.0,22.887323688018714
1461.0,22.996790357884013
1471.0,23.104610352818103
1481.0,23.210781391901886
1491.0,23.315303850195885
1501.0,23.418180511843364
1511.0,23.519416342544694
1521.0,23.618000546307133
1531.0,23.712616949055313
1541.0,23.803506398699383
1551.0,23.890900175479747
1561.0,23.975009525896446
1571.0,24.056027877755422
1581.0,24.134132767760224
1591.0,24.21021071728872
1601.0,24.286430909333564
1611.0,24.36291516840799
1621.0,24.439651546503462
1631.0,24.516629499720647
1641.0,24.59383974368086
1651.0,24.671274126562324
1661.0,24.74892545516456
1671.0,24.826786768942164
1681.0,24.90485186077379
1691.0,24.983115392024732
1701.0,25.06157276842884
1711.0,25.140220076333858
1721.0,25.219054026946687
1731.0,25.29807188794206
1741.0,25.377270812334647
1751.0,25.456648210556086
1761.0,25.536202111779172
1771.0,25.615931026485026
1781.0,25.695833919265635
1791.0,25.775910186171235
1801.0,25.85615963630191
1811.0,25.936581922789827
1821.0,26.017176617414226
1831.0,26.097943911399433
1841.0,26.178884407352754
1851.0,26.259999115438028
1861.0,26.341289453783027
1871.0,26.422757253297416
1881.0,26.489090085656084
1891.0,26.55386530677617
1901.0,26.618783828704853
1911.0,26.683847172093667
1921.0,26.7490571436196
1931.0,26.81441584624884
1941.0,26.879925692678082
1951.0,26.926242737210348
1961.0,26.960864764525024
1971.0,26.995097941705257
1981.0,27.028950139338
1991.0,27.062427374461524
2001.0,27.09553503911343
2011.0,27.128278237380833
2021.0,27.16066801287545
2031.0,27.1927090881698
2041.0,27.224399238857384
2051.0,27.2557423806433
2061.0,27.286742378097145
2071.0,27.317403046216487
2081.0,27.34772815184612
2091.0,27.377721435036744
2101.0,27.40738686843536
2111.0,27.43672814419096
2121.0,27.465748804163095
2131.0,27.49445235193128
2141.0,27.52284225320018
2151.0,27.550921936200407
2161.0,27.578694791686182
2171.0,27.606164174964274
2181.0,27.633333411095652
2191.0,27.660205782173705
2201.0,27.686784534543083
2211.0,27.713072879183983
2221.0,27.739073992092646
2231.0,27.764791014657913
2241.0,27.790227120397386
2251.0,27.81538548318507
2261.0,27.840269133619916
2271.0,27.86488106857792
2281.0,27.88922425293879
2291.0,27.91330161991111
2301.0,27.93711607135427
2311.0,27.960670277812074
2321.0,27.98396653310972
2331.0,28.007007691737282
2341.0,28.029796607675674
2351.0,28.052336096123536
2361.0,28.07462893503266
2371.0,28.096677866455526
2381.0,28.118485660819577
2391.0,28.14005534137797
2401.0,28.161389561947463
2411.0,28.18249088665994
2421.0,28.203361852391218
2431.0,28.224004969041694
2441.0,28.24442271981325
2451.0,28.264617537966874
2461.0,28.284591491577903
2471.0,28.30434690000679
2481.0,28.323886187834777
2491.0,28.343211749663126
2501.0,28.362325950877395
2511.0,28.381231128346606
2521.0,28.399929593151228
2531.0,28.418423852043656
2541.0,28.436716286814445
2551.0,28.45480909273166
2561.0,28.47270444181252
2571.0,28.49040448306561
2581.0,28.50791134272939
2591.0,28.525227124506976
,
