control_period,penalty,parameters_idx,deficit_cost,total_leaching_gN_per_m2,violated
3.0,0.20126710688876742,0.0,0.0012396473684732543,0.00641750199147234,1.0
3.0,0.20126710688876742,1.0,0.0007590838151281076,0.04022902389647142,1.0
3.0,0.20126710688876742,2.0,0.0009341721575849461,0.003668555900541419,1.0
3.0,0.20126710688876742,3.0,0.00014516537427909738,0.0011937554985099325,1.0
3.0,0.20126710688876742,4.0,0.0007135678138564743,0.004615387697328794,1.0
3.0,0.20126710688876742,5.0,0.0006532212519375478,0.004091963221566162,1.0
3.0,0.20126710688876742,6.0,0.0022672596030192723,0.0,0.0
3.0,0.20126710688876742,7.0,0.009781680772672288,0.0,0.0
3.0,0.20126710688876742,8.0,0.0,0.0072765313994321195,1.0
3.0,0.20126710688876742,9.0,0.0012760395693199433,0.0006355670617340274,1.0
3.0,0.20126710688876742,10.0,0.000618316958904412,0.037723439748205176,1.0
3.0,0.20126710688876742,11.0,0.0005485117490831239,0.30072434597492725,1.0
3.0,0.20126710688876742,12.0,0.007102598252930513,0.0,0.0
3.0,0.20126710688876742,13.0,0.004514668125058774,0.0,0.0
3.0,0.20126710688876742,14.0,0.00024403191719585602,0.013388404701686122,1.0
3.0,0.20126710688876742,15.0,0.0045271132384156285,0.0,0.0
3.0,0.20126710688876742,16.0,0.01261764420405364,3.398418754387263e-08,0.0
3.0,0.20126710688876742,17.0,0.0,0.003467203062562397,1.0
3.0,0.20126710688876742,18.0,0.00454546487815638,4.1285499376266916e-05,0.0
3.0,0.20126710688876742,19.0,0.0017434497117512382,0.0006982477725148685,1.0
3.0,0.20126710688876742,20.0,0.00027364136444360965,0.755823025943582,1.0
3.0,0.20126710688876742,21.0,0.004329669615163987,4.000281984162506e-06,0.0
3.0,0.20126710688876742,22.0,0.0044165127633214625,0.0,0.0
3.0,0.20126710688876742,23.0,0.0022338246684894337,0.0006356574189878676,1.0
3.0,0.20126710688876742,24.0,0.004011522069014433,0.00029061148197134426,0.0
3.0,0.20126710688876742,25.0,0.003913404274405741,0.031403847840130256,0.0
3.0,0.20126710688876742,26.0,0.0038186200434971586,0.000151619684700275,0.0
3.0,0.20126710688876742,27.0,0.00046618631038419144,0.07258855578331229,1.0
3.0,0.20126710688876742,28.0,0.003377590561850978,1.8918445643865287,1.0
3.0,0.20126710688876742,29.0,9.202749945936627e-05,0.008176739361990145,1.0
3.0,0.20126710688876742,30.0,0.00032987749423314346,3.498181655952584e-05,1.0
3.0,0.20126710688876742,31.0,0.0006892384135138115,0.01311135040638694,1.0
3.0,0.20126710688876742,32.0,0.0006939167014345866,0.0002874595767917478,1.0
3.0,0.20126710688876742,33.0,4.144608853547935e-05,0.012083392564660816,1.0
3.0,0.20126710688876742,34.0,0.001259395752268256,1.7596415101515421,1.0
3.0,0.20126710688876742,35.0,0.003887995892464643,0.0012490383412356021,0.0
3.0,0.20126710688876742,36.0,0.009640409902047377,0.002375582594003865,0.0
3.0,0.20126710688876742,37.0,0.000622298742403005,0.0016679698201068714,1.0
3.0,0.20126710688876742,38.0,0.0041510032793983555,0.03478789256139068,1.0
3.0,0.20126710688876742,39.0,0.00013820936915487215,0.11206460973559398,1.0
3.0,0.20126710688876742,40.0,0.00954583460426666,0.004206685515414508,0.0
3.0,0.20126710688876742,41.0,0.006998838126307767,0.0,0.0
3.0,0.20126710688876742,42.0,0.0006606040103223782,0.008581772896803293,1.0
3.0,0.20126710688876742,43.0,0.007247696478099355,0.019056611687580365,0.0
3.0,0.20126710688876742,44.0,4.290722618948937e-05,5.507482949321184,1.0
3.0,0.20126710688876742,45.0,0.01056905247224676,0.0,0.0
3.0,0.20126710688876742,46.0,0.0023362441053563195,0.0,0.0
3.0,0.20126710688876742,47.0,0.0005645520064643192,0.673296519684512,1.0
3.0,0.20126710688876742,48.0,0.0006592700047897216,0.0004309511822081946,1.0
3.0,0.20126710688876742,49.0,0.013929618887463795,0.0046526703702629525,0.0
3.0,0.20126710688876742,50.0,0.0006976982730340489,0.20755096512352608,1.0
3.0,0.20126710688876742,51.0,0.0012048344003866079,0.512222266520504,1.0
3.0,0.20126710688876742,52.0,0.002738151923185269,0.001841934981317016,0.0
3.0,0.20126710688876742,53.0,0.0,0.019332256022634945,1.0
3.0,0.20126710688876742,54.0,0.0011189539289391125,1.787833659031841,1.0
3.0,0.20126710688876742,55.0,3.1123430566914524e-07,0.7240679386509759,1.0
3.0,0.20126710688876742,56.0,0.0005375098823721484,0.00106686070621608,1.0
3.0,0.20126710688876742,57.0,0.0018889421780894635,1.5784471499932877,1.0
3.0,0.20126710688876742,58.0,0.010070716211895585,5.106467302101063e-06,0.0
3.0,0.20126710688876742,59.0,0.0023991465726592343,0.0,0.0
3.0,0.20126710688876742,60.0,0.004365483067284447,0.0,0.0
3.0,0.20126710688876742,61.0,0.0020222583250001794,0.0,0.0
3.0,0.20126710688876742,62.0,0.001216156581804258,1.2573865511161149,1.0
3.0,0.20126710688876742,63.0,0.010984792839425349,0.0,0.0
3.0,0.20126710688876742,64.0,0.0023208662932716465,0.002309932660544523,0.0
3.0,0.20126710688876742,65.0,0.0038298708211467235,0.00031320591405980955,0.0
3.0,0.20126710688876742,66.0,0.0004553692309105898,0.07409646639914387,1.0
3.0,0.20126710688876742,67.0,0.0005945379650991623,0.07221992268454926,1.0
3.0,0.20126710688876742,68.0,0.002192779876535325,0.0,0.0
3.0,0.20126710688876742,69.0,0.0067015113904217724,3.0525807604402756e-05,0.0
3.0,0.20126710688876742,70.0,0.00039346153036017657,0.16166892815725956,1.0
3.0,0.20126710688876742,71.0,0.00021182364861165745,0.0012890860041479988,1.0
3.0,0.20126710688876742,72.0,0.003600205773784518,0.4587616181926496,1.0
3.0,0.20126710688876742,73.0,0.0064337464629611605,3.2954110096167936e-06,0.0
3.0,0.20126710688876742,74.0,0.004611821093240897,0.0,0.0
3.0,0.20126710688876742,75.0,0.0020248768698563862,2.388783603513914,1.0
3.0,0.20126710688876742,76.0,0.0006884671708873145,2.7905615052529673,1.0
3.0,0.20126710688876742,77.0,0.0008948044876536914,0.0668427591703054,1.0
3.0,0.20126710688876742,78.0,0.004160214748300371,0.0,0.0
3.0,0.20126710688876742,79.0,0.010090858135047235,0.0,0.0
3.0,0.20126710688876742,80.0,0.0022073357434497375,0.0,0.0
3.0,0.20126710688876742,81.0,0.003959824970239915,0.0009490494035936417,0.0
3.0,0.20126710688876742,82.0,2.711668179761758e-06,0.06941864313118477,1.0
3.0,0.20126710688876742,83.0,0.0008603331837721463,0.02129821323037317,1.0
3.0,0.20126710688876742,84.0,0.0009953268550090058,1.36340971725053,1.0
3.0,0.20126710688876742,85.0,0.0006581471198496073,0.0008863586658296039,1.0
3.0,0.20126710688876742,86.0,0.0003523139346200122,0.001009106182988421,1.0
3.0,0.20126710688876742,87.0,0.00408114270041881,0.0032744685873363545,0.0
3.0,0.20126710688876742,88.0,0.0021682538307912697,0.0017586593703880966,0.0
3.0,0.20126710688876742,89.0,0.000454131144182726,5.088327142618601,1.0
3.0,0.20126710688876742,90.0,0.00029531759856994,0.003867181921584771,1.0
3.0,0.20126710688876742,91.0,0.00030795279002272525,0.01291073754056979,1.0
3.0,0.20126710688876742,92.0,0.0006536987728768868,3.0365234109275847,1.0
3.0,0.20126710688876742,93.0,0.0043899044211290214,0.0014234728943456007,0.0
3.0,0.20126710688876742,94.0,0.001204826482197875,0.0018364543891629627,1.0
3.0,0.20126710688876742,95.0,0.002246250342904505,0.02021214263575853,0.0
3.0,0.20126710688876742,96.0,0.004011768350004674,0.023861969435466184,0.0
3.0,0.20126710688876742,97.0,0.000656768744825337,0.0005298915819679388,1.0
3.0,0.20126710688876742,98.0,0.0015438065450595416,0.004887247051137745,1.0
3.0,0.20126710688876742,99.0,0.010216157166781481,0.020391763450318522,0.0
3.0,0.20126710688876742,100.0,0.00025551371885487874,0.017001099054905624,1.0
3.0,0.20126710688876742,101.0,0.0,0.03137567884263164,1.0
3.0,0.20126710688876742,102.0,0.0064464609458488205,0.000920343321300567,0.0
3.0,0.20126710688876742,103.0,0.0007889384934985008,0.05129267104978826,1.0
3.0,0.20126710688876742,104.0,0.0003309625795122499,0.0021894979040800178,1.0
3.0,0.20126710688876742,105.0,0.004166196982589739,0.0,0.0
3.0,0.20126710688876742,106.0,0.002743493356651035,0.5041142071963974,1.0
3.0,0.20126710688876742,107.0,0.0027983835151883163,0.0,0.0
3.0,0.20126710688876742,108.0,0.0021367702106329964,0.21057964267962595,1.0
3.0,0.20126710688876742,109.0,0.007366859182638422,0.0,0.0
3.0,0.20126710688876742,110.0,0.0003877791121634743,0.00016632291281076998,1.0
3.0,0.20126710688876742,111.0,0.0008442216016365888,3.039011602268439,1.0
3.0,0.20126710688876742,112.0,0.0005430294491670037,0.0014537338750583435,1.0
3.0,0.20126710688876742,113.0,0.0010376662028847242,0.25689774733380916,1.0
3.0,0.20126710688876742,114.0,0.0008118472965735504,0.00843798955737474,1.0
3.0,0.20126710688876742,115.0,0.0019395141665032964,0.0008743475694427863,1.0
3.0,0.20126710688876742,116.0,0.0043921291926838895,0.0,0.0
3.0,0.20126710688876742,117.0,0.010543980839022006,0.0,0.0
3.0,0.20126710688876742,118.0,0.00953646769100772,0.027289088777713567,0.0
3.0,0.20126710688876742,119.0,0.00022199744912805306,0.003368542262538433,1.0
3.0,0.20126710688876742,120.0,0.00025517008109114507,0.10300259865194027,1.0
3.0,0.20126710688876742,121.0,0.009922375756689313,0.04621074957875418,0.0
3.0,0.20126710688876742,122.0,0.0009377183381515385,1.8876307692669931,1.0
3.0,0.20126710688876742,123.0,0.000968355445527001,0.01062791146105158,1.0
3.0,0.20126710688876742,124.0,0.00015310570451995573,0.006807426420127195,1.0
3.0,0.20126710688876742,125.0,0.00021562603472523426,0.00048404325570298545,1.0
3.0,0.20126710688876742,126.0,0.0010445775469707045,0.624283607457694,1.0
3.0,0.20126710688876742,127.0,0.004074562319391015,0.020244588559131596,0.0
3.0,0.20126710688876742,128.0,0.0006702886321643086,1.026271954022695,1.0
3.0,0.20126710688876742,129.0,0.0017288427458107157,0.019169848845520258,1.0
3.0,0.20126710688876742,130.0,0.0009997400287759574,0.002903353576797191,1.0
3.0,0.20126710688876742,131.0,0.0005873282877526942,0.006984451454554483,1.0
3.0,0.20126710688876742,132.0,0.007116261973058705,0.0,0.0
3.0,0.20126710688876742,133.0,0.0017529992998366049,3.474510303403236,1.0
3.0,0.20126710688876742,134.0,0.0019504232900190415,5.234269366550884e-05,1.0
3.0,0.20126710688876742,135.0,0.00014338259321445543,0.011189005864033652,1.0
3.0,0.20126710688876742,136.0,0.0005597035744549669,0.1749125569733366,1.0
3.0,0.20126710688876742,137.0,0.0008272188647314097,0.004795581243384928,1.0
3.0,0.20126710688876742,138.0,0.004298029538850845,0.020464300265161914,0.0
3.0,0.20126710688876742,139.0,0.002740628355949185,0.0,0.0
3.0,0.20126710688876742,140.0,0.0015258728500905576,0.7613342361969941,1.0
3.0,0.20126710688876742,141.0,0.0069658508761578815,0.0026198972675775278,0.0
3.0,0.20126710688876742,142.0,0.0043606629551915955,0.0009537470534902708,0.0
3.0,0.20126710688876742,143.0,0.00014654314935202368,0.018584023633844902,1.0
3.0,0.20126710688876742,144.0,0.00048462300571823014,0.008004055807397705,1.0
3.0,0.20126710688876742,145.0,0.004142262863357024,0.000497867295011555,0.0
3.0,0.20126710688876742,146.0,0.0065513899719327464,0.0036325527007685485,0.0
3.0,0.20126710688876742,147.0,0.0006244009957615586,0.0028720856208888177,1.0
3.0,0.20126710688876742,148.0,0.0006672159553907756,1.7519264658793678,1.0
3.0,0.20126710688876742,149.0,3.996712831271859e-05,0.21035698477612655,1.0
3.0,0.20126710688876742,150.0,0.0019092516394168103,0.0015072549586250118,0.0
3.0,0.20126710688876742,151.0,0.00019560527938692091,0.023471905322910627,1.0
3.0,0.20126710688876742,152.0,0.0022398885152765083,0.0005588864873512152,0.0
3.0,0.20126710688876742,153.0,0.002223125373019806,0.0,0.0
3.0,0.20126710688876742,154.0,0.003908452318604853,0.0008357747222953503,0.0
3.0,0.20126710688876742,155.0,0.006710490460159544,0.004123940611847845,0.0
3.0,0.20126710688876742,156.0,0.0005449924080088637,0.03336720870772924,1.0
3.0,0.20126710688876742,157.0,0.004398578914537838,0.0,0.0
3.0,0.20126710688876742,158.0,0.0006473103789514217,0.012843838063645568,1.0
3.0,0.20126710688876742,159.0,0.007706249739745582,3.1578023151918573,1.0
3.0,0.20126710688876742,160.0,0.0013014382261593695,1.1470056546903262,1.0
3.0,0.20126710688876742,161.0,0.00443526585233302,0.0,0.0
3.0,0.20126710688876742,162.0,0.00040336054971464025,0.016930947836600107,1.0
3.0,0.20126710688876742,163.0,0.0005956769155625427,0.007330635453111989,1.0
3.0,0.20126710688876742,164.0,0.00431868467804299,0.02010885279524219,0.0
3.0,0.20126710688876742,165.0,0.004189766946361195,4.5591308795260844e-05,0.0
3.0,0.20126710688876742,166.0,0.0010231234693416282,0.0003097292418134259,1.0
3.0,0.20126710688876742,167.0,1.4643768993680393e-05,0.006045241027346262,1.0
3.0,0.20126710688876742,168.0,0.004229464643802093,0.0,0.0
3.0,0.20126710688876742,169.0,0.004089885902241152,3.718918104588138e-05,0.0
3.0,0.20126710688876742,170.0,0.0006573834064635577,0.12401577923800414,1.0
3.0,0.20126710688876742,171.0,0.001446482128329318,0.16698444249150482,1.0
3.0,0.20126710688876742,172.0,0.000924041338820729,0.14276692627269497,1.0
3.0,0.20126710688876742,173.0,0.000898928772381403,0.03695358817385822,1.0
3.0,0.20126710688876742,174.0,0.004097258258499117,0.026185797265187976,0.0
3.0,0.20126710688876742,175.0,0.0009080958862536085,0.0019143561719314843,1.0
3.0,0.20126710688876742,176.0,0.0010251690962349352,0.6351633192224979,1.0
3.0,0.20126710688876742,177.0,0.003965526943139421,0.013640833563439122,0.0
3.0,0.20126710688876742,178.0,0.003644454384331608,0.1778544339227169,1.0
3.0,0.20126710688876742,179.0,0.0038823895637293978,0.137475046766202,0.0
3.0,0.20126710688876742,180.0,0.0001856642605342193,11.783632347154683,1.0
3.0,0.20126710688876742,181.0,0.001512549246871303,0.06289686350799387,1.0
3.0,0.20126710688876742,182.0,0.00017693550905998918,0.10450642662015837,1.0
3.0,0.20126710688876742,183.0,0.004191704361242398,0.01158060655882943,0.0
3.0,0.20126710688876742,184.0,0.0005208332735089457,2.5648121500104932e-05,1.0
3.0,0.20126710688876742,185.0,0.0010647895646332737,1.195487051810772,1.0
3.0,0.20126710688876742,186.0,0.004050764894798057,0.018943294639569425,0.0
3.0,0.20126710688876742,187.0,0.004225998724752425,1.9481018523652075e-06,0.0
3.0,0.20126710688876742,188.0,0.0010718899005627796,1.4338660235666483,1.0
3.0,0.20126710688876742,189.0,0.004181350376251105,1.3222183183502436e-05,0.0
3.0,0.20126710688876742,190.0,0.00014150933696439487,0.004580216243142269,1.0
3.0,0.20126710688876742,191.0,0.0009923393806164009,0.061572854956416345,1.0
3.0,0.20126710688876742,192.0,0.0004430887196260905,0.008636621041083136,1.0
3.0,0.20126710688876742,193.0,0.0007055846406506617,0.013635604056901665,1.0
3.0,0.20126710688876742,194.0,0.0010103069745264223,0.6215781766209303,1.0
3.0,0.20126710688876742,195.0,3.8080755710403246e-05,0.02076055781833168,1.0
3.0,0.20126710688876742,196.0,0.0003974756660244796,0.003940562279969336,1.0
3.0,0.20126710688876742,197.0,0.0008970185723379813,0.0021148933398601267,1.0
3.0,0.20126710688876742,198.0,2.2214489899083575e-06,0.0475903326169872,1.0
3.0,0.20126710688876742,199.0,0.0004917633801648915,0.012915339497054997,1.0
3.0,0.20126710688876742,200.0,0.0003024745766786313,0.035442007626056274,1.0
3.0,0.20126710688876742,201.0,0.004138134530304085,0.0,0.0
3.0,0.20126710688876742,202.0,0.0045104930526132965,0.0,0.0
3.0,0.20126710688876742,203.0,0.000817072608633114,0.04461273516802378,1.0
3.0,0.20126710688876742,204.0,0.001020886667666126,5.3006720586862444e-05,1.0
3.0,0.20126710688876742,205.0,0.00476443410853451,0.0,0.0
3.0,0.20126710688876742,206.0,0.0004632242038451962,1.998792658553452,1.0
3.0,0.20126710688876742,207.0,0.004425174481322774,0.0,0.0
3.0,0.20126710688876742,208.0,0.00046552926957250685,0.08946307615717022,1.0
3.0,0.20126710688876742,209.0,0.0,0.19532263997813368,1.0
3.0,0.20126710688876742,210.0,0.0003648504032079845,2.7221019930676595e-05,1.0
3.0,0.20126710688876742,211.0,0.0022579469675758955,2.545206344976848,1.0
3.0,0.20126710688876742,212.0,0.00041923900093112303,4.7952564367946815,1.0
3.0,0.20126710688876742,213.0,0.0043445337067458956,0.0,0.0
3.0,0.20126710688876742,214.0,0.0018998638978405052,0.0007132154634235461,0.0
3.0,0.20126710688876742,215.0,0.00935930348818672,0.00030226932500806715,0.0
3.0,0.20126710688876742,216.0,0.00042017489851620257,0.00021157458618117325,1.0
3.0,0.20126710688876742,217.0,0.001141273283581825,4.531398233711392,1.0
3.0,0.20126710688876742,218.0,0.0014173940052551485,0.022656561779436667,1.0
3.0,0.20126710688876742,219.0,0.010690650280488522,0.0,0.0
3.0,0.20126710688876742,220.0,0.0067048811987759915,0.0023144666451335567,0.0
3.0,0.20126710688876742,221.0,0.0004405228915012247,0.4109161407513979,1.0
3.0,0.20126710688876742,222.0,0.0006726118715002066,0.008752981325732637,1.0
3.0,0.20126710688876742,223.0,0.000264684399146418,0.03571261219490012,1.0
3.0,0.20126710688876742,224.0,0.0001144535754321073,0.00015810391371435457,1.0
3.0,0.20126710688876742,225.0,0.006607087787156525,0.0,0.0
3.0,0.20126710688876742,226.0,0.0008564816845592402,1.2259604730421756,1.0
3.0,0.20126710688876742,227.0,0.0038313847522760507,1.6690195622829026e-05,0.0
3.0,0.20126710688876742,228.0,0.0006683753670389649,0.10516426411262463,1.0
3.0,0.20126710688876742,229.0,0.0008669483572686383,0.00036241697077846695,1.0
3.0,0.20126710688876742,230.0,0.00019944962819525494,0.0010293208182120795,1.0
3.0,0.20126710688876742,231.0,0.006720544973932858,4.277408754970803e-05,0.0
3.0,0.20126710688876742,232.0,0.004572922532653576,0.0,0.0
3.0,0.20126710688876742,233.0,0.004184035874564862,0.0013482631733279873,0.0
3.0,0.20126710688876742,234.0,0.0009879672070141259,0.0002653968578492326,1.0
3.0,0.20126710688876742,235.0,0.004030073637261602,0.008798376728590724,0.0
3.0,0.20126710688876742,236.0,0.004111276425086128,2.0744889007319827e-05,0.0
3.0,0.20126710688876742,237.0,0.0012804120095589533,3.523183768536159,1.0
3.0,0.20126710688876742,238.0,0.0011744770707532647,1.7060090803024357e-05,1.0
3.0,0.20126710688876742,239.0,0.004638084924915514,0.0,0.0
3.0,0.20126710688876742,240.0,0.00061395248561742,0.002268041209731349,1.0
3.0,0.20126710688876742,241.0,0.004252569590191982,0.0013042515583501883,0.0
3.0,0.20126710688876742,242.0,0.001845278212419052,0.28112976321343736,1.0
3.0,0.20126710688876742,243.0,0.0006994789536881669,0.0003264897368485196,1.0
3.0,0.20126710688876742,244.0,0.004454045475155878,0.0,0.0
3.0,0.20126710688876742,245.0,0.010392448935654174,0.0,0.0
3.0,0.20126710688876742,246.0,0.003985355219220995,9.09764169532231e-06,0.0
3.0,0.20126710688876742,247.0,0.0021852737475203804,0.019817854233423433,0.0
3.0,0.20126710688876742,248.0,0.0005022307250705112,0.023171701735632492,1.0
3.0,0.20126710688876742,249.0,0.001336857019824865,0.008687437852257715,1.0
3.0,0.20126710688876742,250.0,0.004484885197980992,0.0,0.0
3.0,0.20126710688876742,251.0,0.003115703550264744,0.3209468496809221,1.0
3.0,0.20126710688876742,252.0,0.0008704658683529454,0.009789285022266296,1.0
3.0,0.20126710688876742,253.0,0.006655469815729474,0.009602733014367303,0.0
3.0,0.20126710688876742,254.0,0.0009710776911673708,0.15382337012981107,1.0
3.0,0.20126710688876742,255.0,0.004486381936965949,0.0,0.0
3.0,0.20126710688876742,256.0,0.001078141850648613,6.035871608900697e-05,1.0
3.0,0.20126710688876742,257.0,2.687462278493912e-05,0.14968931413369838,1.0
3.0,0.20126710688876742,258.0,0.002072236297698827,2.2938700074644444e-05,0.0
3.0,0.20126710688876742,259.0,0.006679551633289964,2.388259050793467e-06,0.0
3.0,0.20126710688876742,260.0,0.00429940073863943,0.0,0.0
3.0,0.20126710688876742,261.0,0.0006185760112004285,5.041047015002623e-05,1.0
3.0,0.20126710688876742,262.0,0.0021660541268655126,8.892811127188457e-06,0.0
3.0,0.20126710688876742,263.0,0.00018086544271544023,0.03095050477212566,1.0
3.0,0.20126710688876742,264.0,0.001135566894290668,0.004589798505049559,1.0
3.0,0.20126710688876742,265.0,0.0008907732398863243,0.031677979938438065,1.0
3.0,0.20126710688876742,266.0,0.002158117335389612,0.007706455328863302,1.0
3.0,0.20126710688876742,267.0,0.00020951226747532793,0.0017554154790149722,1.0
3.0,0.20126710688876742,268.0,0.010187982391129084,7.588739810657716e-05,0.0
3.0,0.20126710688876742,269.0,0.0036379551552358537,0.00510767986586485,1.0
3.0,0.20126710688876742,270.0,0.0007697605302167993,0.007137219539894325,1.0
3.0,0.20126710688876742,271.0,0.000694609524634545,0.0021203468802372307,1.0
3.0,0.20126710688876742,272.0,0.0006631882500652949,0.0002559585086419788,1.0
3.0,0.20126710688876742,273.0,0.00027249958239269797,0.11207726260286256,1.0
3.0,0.20126710688876742,274.0,0.003857995545281905,0.02461214257015422,0.0
3.0,0.20126710688876742,275.0,0.00046062030128158585,2.718957385524852,1.0
3.0,0.20126710688876742,276.0,0.0038760310773726897,0.000198946613376513,0.0
3.0,0.20126710688876742,277.0,0.00044185237231181306,0.00010151272675630871,1.0
3.0,0.20126710688876742,278.0,0.004256711300003885,0.0,0.0
3.0,0.20126710688876742,279.0,0.000730891841311935,0.0005589792272219652,1.0
3.0,0.20126710688876742,280.0,0.009766214524768876,4.416830894247766e-05,0.0
3.0,0.20126710688876742,281.0,0.004284050509461936,0.0,0.0
3.0,0.20126710688876742,282.0,0.0,0.13075085201007092,1.0
3.0,0.20126710688876742,283.0,0.00185882068248187,7.048104647997539,1.0
3.0,0.20126710688876742,284.0,0.009854146735287183,0.0,0.0
3.0,0.20126710688876742,285.0,0.006760459546152791,0.0,0.0
3.0,0.20126710688876742,286.0,0.0010097138916771147,9.2419334272477,1.0
3.0,0.20126710688876742,287.0,0.0004558155653541185,0.003646982460031446,1.0
3.0,0.20126710688876742,288.0,0.003913973952251365,0.0020684204194346516,0.0
3.0,0.20126710688876742,289.0,0.00696772151023818,7.965532312271091e-06,0.0
3.0,0.20126710688876742,290.0,0.0,0.0490169824340074,1.0
3.0,0.20126710688876742,291.0,0.0005687152417171617,0.04321083517736292,1.0
3.0,0.20126710688876742,292.0,0.0009478901850826772,0.04969069957754349,1.0
3.0,0.20126710688876742,293.0,0.0042836809892530196,0.007443868314910743,0.0
3.0,0.20126710688876742,294.0,0.0,0.14632483058589243,1.0
3.0,0.20126710688876742,295.0,0.00212841106837063,2.7420590316527348e-05,0.0
3.0,0.20126710688876742,296.0,7.371148096818107e-06,0.0002959429171007809,1.0
3.0,0.20126710688876742,297.0,0.0007317361346876014,0.0006933796423170239,1.0
3.0,0.20126710688876742,298.0,0.006802002663443985,1.10489051257875e-06,0.0
3.0,0.20126710688876742,299.0,0.0006374319661599019,0.16598469020156392,1.0
3.0,0.20126710688876742,300.0,0.004412876902516029,0.0,0.0
3.0,0.20126710688876742,301.0,0.006894410123917932,0.0,0.0
3.0,0.20126710688876742,302.0,0.0009385413187480002,0.005208376866903876,1.0
3.0,0.20126710688876742,303.0,0.0,0.5689227611726612,1.0
3.0,0.20126710688876742,304.0,0.004180060547276184,0.01932981979546995,0.0
3.0,0.20126710688876742,305.0,0.0001834529905925413,0.008531586529555163,1.0
3.0,0.20126710688876742,306.0,0.007211954637901844,0.0003331382523390288,0.0
3.0,0.20126710688876742,307.0,0.007261799678318783,0.0,0.0
3.0,0.20126710688876742,308.0,0.00047209902476545257,0.2134844436959578,1.0
3.0,0.20126710688876742,309.0,0.001194095365319518,3.7013098186431646,1.0
3.0,0.20126710688876742,310.0,0.0038507910955043454,8.082029764275876e-05,0.0
3.0,0.20126710688876742,311.0,0.0005041624503735808,0.0021890521091479883,1.0
3.0,0.20126710688876742,312.0,0.0042148812376931605,0.0,0.0
3.0,0.20126710688876742,313.0,0.0019400161196652722,0.005235338360955178,1.0
3.0,0.20126710688876742,314.0,0.004214634613796571,0.0,0.0
3.0,0.20126710688876742,315.0,4.564568615605881e-05,0.3815188440869199,1.0
3.0,0.20126710688876742,316.0,0.00014696860532862374,0.012612976580833853,1.0
3.0,0.20126710688876742,317.0,0.0011852355227809418,5.307209291830629e-05,1.0
3.0,0.20126710688876742,318.0,0.0026334741249654323,2.149116707011564,1.0
3.0,0.20126710688876742,319.0,0.004195845677813096,2.4297573763862015e-05,0.0
3.0,0.20126710688876742,320.0,0.000585748833569059,0.43646603508185106,1.0
3.0,0.20126710688876742,321.0,0.0007848264742188029,0.014519677299498374,1.0
3.0,0.20126710688876742,322.0,0.0010243762046621113,0.24353819314752312,1.0
3.0,0.20126710688876742,323.0,0.002407571313141817,0.0,0.0
3.0,0.20126710688876742,324.0,0.007206587143237398,0.0,0.0
3.0,0.20126710688876742,325.0,0.006492798588132422,5.338373485377363e-06,0.0
3.0,0.20126710688876742,326.0,0.004072306700253045,0.00037122983553901557,0.0
3.0,0.20126710688876742,327.0,0.000477129415838348,0.08894963618503883,1.0
3.0,0.20126710688876742,328.0,0.0022008062707363565,0.011843718708343755,0.0
3.0,0.20126710688876742,329.0,0.000693614545440623,0.0052765710170984345,1.0
3.0,0.20126710688876742,330.0,0.004119912464472641,0.0004138573232426269,0.0
3.0,0.20126710688876742,331.0,0.004585763167264555,0.0,0.0
3.0,0.20126710688876742,332.0,0.0021066962578534802,0.11909828781839767,1.0
3.0,0.20126710688876742,333.0,0.0012329852063110904,0.000128101308432419,1.0
3.0,0.20126710688876742,334.0,0.0,0.08344024333914758,1.0
3.0,0.20126710688876742,335.0,1.9597289737470506e-05,0.008542467347994596,1.0
3.0,0.20126710688876742,336.0,0.004089069710851665,2.6357427492054796e-06,0.0
3.0,0.20126710688876742,337.0,0.00024170320672106622,0.004809081474518637,1.0
3.0,0.20126710688876742,338.0,0.004029744950499923,0.00021659621337351455,0.0
3.0,0.20126710688876742,339.0,2.328629431914122e-05,0.3958250280449692,1.0
3.0,0.20126710688876742,340.0,0.004573511941356526,0.0,0.0
3.0,0.20126710688876742,341.0,0.004515884440424903,0.0,0.0
3.0,0.20126710688876742,342.0,0.0041799485970527624,4.320558474640174e-05,0.0
3.0,0.20126710688876742,343.0,0.010053904104325329,0.001397927267983839,0.0
3.0,0.20126710688876742,344.0,0.00014062352154482562,0.004052023549867048,1.0
3.0,0.20126710688876742,345.0,0.0006028639156574345,0.024417307234732226,1.0
3.0,0.20126710688876742,346.0,0.0009596883179084707,0.0005163035999169198,1.0
3.0,0.20126710688876742,347.0,0.007155971440525336,0.0,0.0
3.0,0.20126710688876742,348.0,0.004458994051104736,0.0,0.0
3.0,0.20126710688876742,349.0,0.0008986833013088663,0.0008352867238398323,1.0
3.0,0.20126710688876742,350.0,0.002250291676401231,4.008087403789125e-05,0.0
3.0,0.20126710688876742,351.0,0.0004158721875885349,5.7945701339692475,1.0
3.0,0.20126710688876742,352.0,0.0022773117610658555,0.0,0.0
3.0,0.20126710688876742,353.0,0.0007204837660887518,0.0018390464075392103,1.0
3.0,0.20126710688876742,354.0,0.0008919239078767722,0.020598586215220493,1.0
3.0,0.20126710688876742,355.0,0.010381614889212614,0.0,0.0
3.0,0.20126710688876742,356.0,0.004021029524620335,0.0008725609257989791,0.0
3.0,0.20126710688876742,357.0,2.9821630864893207e-05,0.004586053137791547,1.0
3.0,0.20126710688876742,358.0,0.009870948117450037,0.002196895716636126,0.0
3.0,0.20126710688876742,359.0,0.0039258993339539,0.0007936717921040126,0.0
3.0,0.20126710688876742,360.0,0.0007145052532736944,0.0979443057321157,1.0
3.0,0.20126710688876742,361.0,0.000387894944271354,0.038093269046123215,1.0
3.0,0.20126710688876742,362.0,0.0007881116265001333,0.03722668876930822,1.0
3.0,0.20126710688876742,363.0,0.004037420692957983,0.0,0.0
3.0,0.20126710688876742,364.0,0.0002977891726289739,0.002971665211859197,1.0
3.0,0.20126710688876742,365.0,0.0003297721216175141,0.02473577692257901,1.0
3.0,0.20126710688876742,366.0,0.010517051758665436,4.216707629656491e-06,0.0
3.0,0.20126710688876742,367.0,0.00388741036299248,7.831097790359354e-07,0.0
3.0,0.20126710688876742,368.0,0.010025097492108547,0.003047163581935177,0.0
3.0,0.20126710688876742,369.0,0.00393899577348633,0.00014207440892352878,0.0
3.0,0.20126710688876742,370.0,0.00012336458640345923,0.015066419013907636,1.0
3.0,0.20126710688876742,371.0,0.00207779472263886,7.355706973088807e-05,0.0
3.0,0.20126710688876742,372.0,0.0021459332659357526,0.0646663434164848,1.0
3.0,0.20126710688876742,373.0,0.0026505527819970375,5.3375937587781275,1.0
3.0,0.20126710688876742,374.0,0.004070441457967738,0.0,0.0
3.0,0.20126710688876742,375.0,0.0007750540522994457,0.007493241600740668,1.0
3.0,0.20126710688876742,376.0,3.480564839952272e-05,5.899514482817453,1.0
3.0,0.20126710688876742,377.0,0.0007412197038213819,6.998546018641145,1.0
3.0,0.20126710688876742,378.0,0.002395259851435636,0.0,0.0
3.0,0.20126710688876742,379.0,0.004379705326125117,0.0,0.0
3.0,0.20126710688876742,380.0,0.0002671954457227057,0.07490032522872228,1.0
3.0,0.20126710688876742,381.0,0.0011921719303469899,1.2856961427859785,1.0
3.0,0.20126710688876742,382.0,0.006940195806918633,0.0,0.0
3.0,0.20126710688876742,383.0,0.0006804164992433698,0.030426072979631957,1.0
3.0,0.20126710688876742,384.0,0.0013420942474817474,0.0014985030002207063,1.0
3.0,0.20126710688876742,385.0,0.0018127553164570282,0.05270281102638591,1.0
3.0,0.20126710688876742,386.0,0.0002598072536019666,0.29381905595138685,1.0
3.0,0.20126710688876742,387.0,0.00023353371113996065,1.691631211928477e-05,1.0
3.0,0.20126710688876742,388.0,0.0016278515413726497,0.001295276345232927,1.0
3.0,0.20126710688876742,389.0,0.0007655224876157231,0.03496930272380329,1.0
3.0,0.20126710688876742,390.0,0.0005878021997047865,0.0035295399106448303,1.0
3.0,0.20126710688876742,391.0,0.006549649930620512,0.0,0.0
3.0,0.20126710688876742,392.0,0.0070293781233645575,0.006504645632717291,0.0
3.0,0.20126710688876742,393.0,0.0023796519050132744,0.0,0.0
3.0,0.20126710688876742,394.0,0.0019852182134387887,4.727538359473287,1.0
3.0,0.20126710688876742,395.0,0.004178543665960612,8.170450077799051e-07,0.0
3.0,0.20126710688876742,396.0,0.0020045474660410896,0.0004524212566928106,0.0
3.0,0.20126710688876742,397.0,0.0005656975281932189,0.2523376023695931,1.0
3.0,0.20126710688876742,398.0,0.001274661183757774,0.03453737988214854,1.0
3.0,0.20126710688876742,399.0,0.00018667778782931278,0.0021946213838795214,1.0
