period,profit,leaching,wetstart
3,0.2460633217744032,0.0064183758953358,1
3,0.2503068364917866,0.0402418351477909,1
3,0.2500679072932888,0.0036689223073892,1
3,0.2497098765477525,0.0011937897683399,1
3,0.250361246059896,0.0046175291109706,1
3,0.2485681727032517,0.0040920374893705,1
3,0.2474431537813281,0.0,1
3,0.23107784090621622,0.0,0
3,0.2459504631368004,0.0072770531497854,0
3,0.246097934305309,0.0006356909848717,1
3,0.2490487555204874,0.0377255967503188,1
3,0.2499280215207197,0.300733732738204,1
3,0.240532208912292,0.0,1
3,0.24095388926096742,0.0,1
3,0.24547814006400082,0.0133900869758659,0
3,0.23958534647436142,0.0,1
3,0.2210294985567117,3.3984905009068615e-08,1
3,0.2459491236302306,0.0034677183952674,0
3,0.2408308055954809,4.128929851278263e-05,1
3,0.2454351452538449,0.0006983601326314,1
3,0.24552146162618468,0.7559041232886998,1
3,0.241207002206123,4.000897416628228e-06,1
3,0.24471112949123722,0.0,1
3,0.2424539344394816,0.0006364285366309,1
3,0.2445190033821931,0.0002906170135411,1
3,0.24467112912663969,0.0314104659770719,1
3,0.24556991092377758,0.0001516250737096,1
3,0.24689058847397322,0.0725906496611574,1
3,0.2406250258347644,1.8922138724176476,1
3,0.2513938619076067,0.0081773658333137,1
3,0.2442491891869014,3.498365258734832e-05,1
3,0.2488068988805861,0.013111358643569,1
3,0.24699336763819768,0.0002875835772244,1
3,0.2505641670850036,0.0120844831579486,1
3,0.248944750154837,1.759871912473807,1
3,0.240563549751349,0.0012492108850478,1
3,0.23118106405176558,0.002375584693395,0
3,0.2504951494667996,0.0016679901423751,1
3,0.2215229756481402,0.0348035620075026,0
3,0.2507668249784344,0.1120785219792796,1
3,0.2313867331042672,0.0042071797593836,0
3,0.2407437723761953,0.0,1
3,0.24895056826817602,0.0085833452294221,1
3,0.2402742779622259,0.0190567395799477,1
3,0.2483095202129022,5.508318082216452,1
3,0.22988951895626591,0.0,0
3,0.2462760238190505,0.0,1
3,0.2449321986238166,0.6740097628287068,0
3,0.2448815316229137,0.0004309942153749,0
3,0.2227464344106939,0.0046530989168637,1
3,0.2498557964454746,0.2076701215885714,1
3,0.2453063957895615,0.5124356673463808,1
3,0.2430766603368026,0.0018419523614988,1
3,0.2489999685222494,0.0193338288305788,1
3,0.2489238267174922,1.7879848202806177,1
3,0.24594153446029932,0.7241134484184594,0
3,0.2501400402978893,0.00106693731281,1
3,0.2485494358308729,1.5791073907274114,1
3,0.2304115324678457,5.107926078007746e-06,0
3,0.2458602650927662,0.0,1
3,0.2399780915573174,0.0,1
3,0.2468265649935387,0.0,1
3,0.24796656339357478,1.257680355664225,1
3,0.2292245037319717,0.0,0
3,0.2471457623361254,0.0023099663364588,1
3,0.24462544902600072,0.0003132063274384,1
3,0.2502475127714837,0.0740968070047599,1
3,0.24719931078155108,0.0722328926565362,1
3,0.2464853692736724,0.0,1
3,0.2131947868714352,3.052586519855091e-05,1
3,0.24514442495333202,0.161689125972199,0
3,0.24634695747396929,0.0012892071939979,1
3,0.24002092087759788,0.4587920125282966,0
3,0.2414682883867734,3.29610575756603e-06,1
3,0.2444571430692034,0.0,1
3,0.24582020174519428,2.3891050972239367,1
3,0.250367456464913,2.7908269583432888,1
3,0.249973129697483,0.0668757685350917,1
3,0.2449869923165915,0.0,1
3,0.23068124155516548,0.0,0
3,0.2464777248120964,0.0,1
3,0.2445495754696246,0.0009490499379431,1
3,0.2460566689014718,0.0694249647149892,1
3,0.2500889319526975,0.0213064868797375,1
3,0.24483153616382242,1.3634889193422894,1
3,0.2450163059268645,0.0008863627825027,1
3,0.2502008914586622,0.001009153654567,1
3,0.24438165890875638,0.0032747485874563,1
3,0.2475769449570551,0.0017586669005292,1
3,0.2507688860038823,5.088980585562583,1
3,0.2510234016825045,0.0038672067134976,1
3,0.250454554288825,0.0129118379185071,1
3,0.24700306946990092,3.036850319237263,1
3,0.2446523934294827,0.0014234797658547,1
3,0.2490760228045071,0.0018367326796885,1
3,0.2464155295330656,0.020212352833975,1
3,0.2417134785656127,0.0238619702688293,1
3,0.2449940977849828,0.0005300452786293,1
3,0.249011100360396,0.0048876765308311,1
3,0.2304231983215119,0.0203918430415165,0
3,0.245483481949726,0.0170023319887208,0
3,0.2473165799855622,0.0313781055588346,1
3,0.2413834616004688,0.0009204478332823,1
3,0.249903478478389,0.0512971911954407,1
3,0.2509997122923257,0.0021896590519104,1
3,0.2442240411244137,0.0,1
3,0.24132039480323,0.5043456338576078,0
3,0.2196070670553197,0.0,0
3,0.2424070468264434,0.210606293785559,0
3,0.2400293639663727,0.0,1
3,0.25087143091049974,0.0001663508449287,1
3,0.245339040904231,3.039425502468578,1
3,0.24518122973929368,0.0014537936940852,1
3,0.2446896962283776,0.2570564902209571,1
3,0.2500895419046224,0.0084385565882175,1
3,0.24834351368734459,0.0008743905210677,1
3,0.2446890366054442,0.0,1
3,0.2300203669855041,0.0,0
3,0.2313338675336088,0.0272917188810131,0
3,0.24883021866193542,0.0033687773400414,1
3,0.24609149479576278,0.1030331915964713,1
3,0.2307475654487485,0.0462169532978857,0
3,0.2486338392058787,1.888018985988157,1
3,0.2484664962716763,0.0106285991317978,1
3,0.2510817367960393,0.0068078341981103,1
3,0.249563088892343,0.000484075744473,1
3,0.246016291626734,0.6245595507621934,1
3,0.2412039286681261,0.020244708215451,1
3,0.2448728688438881,1.0264894642133164,0
3,0.2476722198149607,0.0191725790337574,1
3,0.2499199981269368,0.0029034053792558,1
3,0.2490298672957723,0.0069851305124111,1
3,0.2405012397042675,0.0,1
3,0.2484946406178376,3.4750002976205265,1
3,0.2481841033759257,5.235173451098423e-05,1
3,0.2507647864136124,0.0111891857710361,1
3,0.2506133275197096,0.1749145512089582,1
3,0.2500998447122016,0.0047963173263511,1
3,0.23933476311783,0.0204647024597884,1
3,0.24656885973774462,0.0,1
3,0.2481091257620111,0.7614361832543762,1
3,0.2406528808237723,0.002619897596263,1
3,0.244749504107568,0.000953750856882,1
3,0.2457173866264688,0.0185856429814332,1
3,0.2499286687470414,0.0080041514586046,1
3,0.2451498065179123,0.0004978675218873,1
3,0.2412321836749823,0.0036327454764597,1
3,0.2466755476853559,0.0028722768557803,1
3,0.2499779092020632,1.7523718065347982,1
3,0.2510511711766071,0.2103768081816221,1
3,0.2479329413012718,0.00150732009412,1
3,0.24753785465052108,0.0234739776761638,1
3,0.2473573495908299,0.0005588866485854,1
3,0.2464834211357234,0.0,1
3,0.2420251020101014,0.0008357855368199,1
3,0.2374077674898612,0.0041241430886936,1
3,0.24496810832707,0.0333708510872859,0
3,0.2439617787304346,0.0,1
3,0.2503520648098082,0.012844196499791,1
3,0.2115105551370601,3.158001297582235,0
3,0.2481533344620577,1.1471605815612382,1
3,0.2398414666186442,0.0,1
3,0.2508439855412091,0.0169313483475569,1
3,0.24501967224814059,0.0073313662722267,1
3,0.2392473689977849,0.0201091882571045,1
3,0.24156412572153832,4.5591528465373e-05,1
3,0.2464180474686261,0.0003097910984451,1
3,0.2484811863757947,0.0060456637855204,1
3,0.24420045490045608,0.0,1
3,0.2452629786002231,3.719753474748418e-05,1
3,0.2505140685371798,0.1240166037834286,1
3,0.2490166442867006,0.1670079776689469,1
3,0.2499988329567413,0.1428022115424126,1
3,0.2501170324475785,0.0369585485872055,1
3,0.2444615433069024,0.0261868329014595,1
3,0.24822851679489852,0.001914528650027,1
3,0.2497938687791568,0.6352377886303434,1
3,0.2453679762858308,0.0136408345457555,1
3,0.2400301225691408,0.1779534317044113,1
3,0.2454027662231309,0.1375146195600431,1
3,0.24618853700791202,11.784743980092578,1
3,0.2489328874214106,0.0629017180986104,1
3,0.2487655891106205,0.1045152919437555,1
3,0.2450200955404044,0.0115810442965703,1
3,0.2450958781344771,2.566165889053694e-05,0
3,0.2492522772485487,1.1955935307801264,1
3,0.24521479937181098,0.0189433056714064,1
3,0.24488675380045688,1.948171938623566e-06,1
3,0.2490892977255471,1.4341171446785468,1
3,0.2442436312960273,1.3222308644298653e-05,1
3,0.2511063693507578,0.0045805053056894,1
3,0.2464608330683042,0.0615732847057275,1
3,0.2508511743957101,0.008637073058801,1
3,0.2498719964051866,0.0136408335834028,1
3,0.2456736186390279,0.6218341339968888,1
3,0.24809980082048372,0.0207620801989471,1
3,0.2503440711158302,0.003940743115951,1
3,0.24527667155854901,0.00211529198965,1
3,0.2459453329550689,0.0475946821550455,1
3,0.2449585279040477,0.0129160104701515,0
3,0.2494232567834515,0.0354421463450712,1
3,0.2402084869997039,0.0,1
3,0.2390775301183277,0.0,1
3,0.2502690281506693,0.044620151858477,1
3,0.24501772474862432,5.3036881756826434e-05,1
3,0.2441814825919514,0.0,1
3,0.2452441242120905,1.998918233781915,1
3,0.2440320284403737,0.0,1
3,0.25079426932400517,0.0894811261067608,1
3,0.24749479503732982,0.1953452434379873,1
3,0.2452686419530049,2.7244927652851967e-05,0
3,0.2423336753909482,2.5456441301845474,1
3,0.2462188545681997,4.79577162412437,1
3,0.24124128441829729,0.0,1
3,0.2469880815408137,0.0007132175263348,1
3,0.2316048466192038,0.0003023038038095,0
3,0.2461732450418334,0.0002115851287986,1
3,0.24975892522529872,4.531908511701838,1
3,0.2490483538577712,0.0226588401034311,1
3,0.2298179291079884,0.0,0
3,0.2410685792307467,0.0023145558698288,1
3,0.2507220278113974,0.4110527624437522,1
3,0.2438849658763512,0.0087567796890992,1
3,0.24560691646230962,0.035716736966006,1
3,0.2457414332370187,0.0001581168561983,0
3,0.2412977280224424,0.0,1
3,0.2501480680980122,1.2263495798694106,1
3,0.2455490886839004,1.669089030520456e-05,1
3,0.2488164145858572,0.1052316977268822,1
3,0.24853733074855108,0.0003625339558744,1
3,0.2463018939336721,0.0010294026869359,1
3,0.2410714692567217,4.277447567677799e-05,1
3,0.2445343594291179,0.0,1
3,0.2395492333450042,0.0013482886920755,1
3,0.2499697345922839,0.0002655416370635,1
3,0.2452054681302805,0.0088007902035725,1
3,0.2451577124041674,2.0747140323000987e-05,1
3,0.24890916832961152,3.52360949285707,1
3,0.2496227792360858,1.7062339751666227e-05,1
3,0.2395775195434865,0.0,1
3,0.2501952555466728,0.002268087308454,1
3,0.245093228094099,0.0013042729065414,1
3,0.2430098780119101,0.2812754817518404,0
3,0.2461427691125316,0.000326534443181,1
3,0.2392322774713281,0.0,1
3,0.23014936024687083,0.0,0
3,0.2439860559950081,9.097882533711176e-06,1
3,0.246731971187594,0.0198178835786496,1
3,0.247704676152839,0.0231721561144978,1
3,0.24713875866040552,0.0086887919205462,1
3,0.23913925250765591,0.0,1
3,0.24464995120535932,0.320991201217095,0
3,0.2501129320355544,0.0097916484333891,1
3,0.2364833847520311,0.0096028869559056,1
3,0.2493852248146269,0.1538387811914158,1
3,0.2444398719190979,0.0,1
3,0.24875396696316943,6.036202632306973e-05,1
3,0.2489951027335165,0.1497014455747178,1
3,0.2481255124198981,2.2940885561905765e-05,1
3,0.24126530438373822,2.3883031054052966e-06,1
3,0.24206291067038008,0.0,1
3,0.2502842069066003,5.041423285636274e-05,1
3,0.2469734498616587,8.892839751501292e-06,1
3,0.2477638685482145,0.0309528867359379,1
3,0.2493350101478104,0.0045900098815928,1
3,0.250180051628985,0.0316833614773154,1
3,0.24237890225607672,0.0077076909766969,0
3,0.2497266052283747,0.001755538763497,1
3,0.23046448998574642,7.588778623545698e-05,0
3,0.2437196950792465,0.0051103187851697,0
3,0.2497481615641852,0.0071378169684012,1
3,0.2502524913352381,0.0021211301622308,1
3,0.24476769293058662,0.0002561048438498,0
3,0.2471697795070732,0.1120859254930173,1
3,0.2435810586136331,0.0246123585671791,1
3,0.2505928210607934,2.719382184063935,1
3,0.2419948406221975,0.0001989482903575,1
3,0.2498803418413667,0.0001015180167551,1
3,0.2414038324192921,0.0,1
3,0.2505457551696471,0.0005590281315596,1
3,0.23312077619597862,4.418031035986279e-05,0
3,0.2448305130541085,0.0,1
3,0.2497862082445488,0.1307652996051721,1
3,0.2455097432594614,7.0486853492214765,1
3,0.23094328264515251,0.0,0
3,0.2410828649178594,0.0,1
3,0.2489462896337973,9.242637437157418,1
3,0.2497298776830487,0.0036475221454522,1
3,0.2429546006560853,0.0020684211032962,1
3,0.2408235454079634,7.965618324247383e-06,1
3,0.2465181012219128,0.0490213342861905,1
3,0.2504032881545965,0.0432270726600478,1
3,0.24951815230427732,0.0496910336608553,1
3,0.2443560914018441,0.0074438769579823,1
3,0.2461773111030668,0.1463405283955482,1
3,0.24675306777249778,2.7420678751629315e-05,1
3,0.24625892237042,0.0002959699273943,0
3,0.2491778369369933,0.0006934321146147,1
3,0.2410360422488911,1.1049030090974556e-06,1
3,0.2505218834103707,0.166012698898739,1
3,0.24097406666865992,0.0,1
3,0.24092740881114058,0.0,1
3,0.25017403489436124,0.0052089919848319,1
3,0.2473298682991788,0.5689636798405348,0
3,0.2446110697731782,0.0193299986127588,1
3,0.2456221965078437,0.0085343674851706,0
3,0.23482746185869502,0.0003331394029162,1
3,0.24053594839294748,0.0,1
3,0.2505474837904083,0.2135374306601944,1
3,0.2493701271921756,3.701897558678009,1
3,0.2456812138684491,8.082416136502285e-05,1
3,0.2508649367787072,0.0021892797168656,1
3,0.2438085838419752,0.0,1
3,0.2478257092472936,0.0052362815512283,1
3,0.2423403024530019,0.0,1
3,0.245872217979865,0.3816394316077602,1
3,0.2456752577874063,0.0126144863815609,1
3,0.2495105602269401,5.3077132054276666e-05,1
3,0.2471215292950518,2.1497375144568007,1
3,0.24501330698279852,2.429830057463939e-05,1
3,0.2455969758449898,0.4365154880024819,1
3,0.2493654161540953,0.0145200858810418,1
3,0.2498384458878633,0.243546739810047,1
3,0.2462812494637875,0.0,1
3,0.2406402123358633,0.0,1
3,0.241550497512149,5.339357400763002e-06,1
3,0.24509555451060472,0.0003712299558511,1
3,0.2473172652985536,0.0889782746863161,1
3,0.2468200138182681,0.0118441965871231,1
3,0.2489171824810811,0.0052770514471874,1
3,0.2443455466855185,0.0004138769718816,1
3,0.2442568132071123,0.0,1
3,0.2476609860558118,0.1191016281025762,1
3,0.2485048235052464,0.0001281164815661,1
3,0.24595204873750742,0.0834472785617943,1
3,0.2487275697825841,0.0085435813546455,1
3,0.2397507001253867,2.635743651435882e-06,1
3,0.24551715814960612,0.0048094282526401,1
3,0.24010972706603678,0.0002165971173479,1
3,0.2504616561925545,0.3958754783531975,1
3,0.2442255245302428,0.0,1
3,0.24459720390695822,0.0,1
3,0.2451736665242828,4.3205591195678814e-05,1
3,0.2305718876437078,0.0013982842777703,0
3,0.24572342003619121,0.0040527003867582,0
3,0.2504255386996426,0.0244221607785995,1
3,0.24940835354144292,0.000516364314269,1
3,0.24053901956681412,0.0,1
3,0.2447299317690848,0.0,1
3,0.2474210408776486,0.0008357263342548,1
3,0.2475573780014705,4.008092451763095e-05,1
3,0.24529188464149018,5.794945605516197,1
3,0.246981692564772,0.0,1
3,0.2502648512841824,0.0018390627808449,1
3,0.2501752849261884,0.0205989431489505,1
3,0.2328080750693234,0.0,0
3,0.2410310143713345,0.0008729612017039,1
3,0.2459028060554222,0.0045866412513478,0
3,0.2308784524263181,0.0021972485532727,0
3,0.23992581543201882,0.0007938132662108,1
3,0.2495284298899414,0.097953608008482,1
3,0.24929697531992212,0.0380969129036965,1
3,0.2501273293914251,0.0372268583780886,1
3,0.2446205647647136,0.0,1
3,0.2453836928477692,0.0029468983344683,1
3,0.2455324650814568,0.0247361638186356,1
3,0.2299173835578978,4.21672095187259e-06,0
3,0.24563561781239268,7.831122105475246e-07,1
3,0.23301244150598519,0.0030471649798729,0
3,0.2455079227883063,0.0001420787857748,1
3,0.250105691598968,0.0150676019455394,1
3,0.2467388994103964,7.35631031807713e-05,1
3,0.2468126430643626,0.0646932139267158,0
3,0.2414834273482721,5.337948986236644,0
3,0.2397579169888148,0.0,1
3,0.2504287564006248,0.0074942678321637,1
3,0.24835122957318612,5.900309854788574,0
3,0.2501934677083759,6.999113051120804,1
3,0.24718716887742442,0.0,1
3,0.2446857453002935,0.0,1
3,0.2488817865568295,0.0749130097186812,1
3,0.24971670926159362,1.2860709464727471,1
3,0.2407249286569851,0.0,1
3,0.2501335585760359,0.0304266425400607,1
3,0.2484224720950403,0.0014987348203297,1
3,0.2430160732940767,0.0527338674541046,1
3,0.24548668444399221,0.2938578673214783,0
3,0.2455378398944097,1.6921353031391507e-05,0
3,0.2485804631472877,0.0012955070566685,1
3,0.2491125400892482,0.0349693438095247,1
3,0.2500226349835316,0.003531106091794,1
3,0.2411820397022865,0.0,1
3,0.2405503254108491,0.0065047281784757,1
3,0.24741127214291442,0.0,1
3,0.2478405837363535,4.727938493207797,1
3,0.2449642059647797,8.170863123289723e-07,1
3,0.24711848114073012,0.0004524235112416,1
3,0.24908140159520892,0.2523664458118766,1
3,0.2496515272162572,0.0345403381801117,1
3,0.2483046518830973,0.0021947696811147,1
6,0.2451872020038219,0.0104775381112335,1
6,0.2503045696472748,0.0577491026319675,1
6,0.2499106701988918,0.0031330413188256,1
6,0.2486145312472767,0.0012332914738312,1
6,0.2504515533698305,0.0029568176227349,1
6,0.2391501377432688,0.0006117498527047,1
6,0.24454666561983301,0.0,1
6,0.2177934514777224,0.0,0
6,0.2445259910833969,0.0069676566141709,0
6,0.2461608263575443,0.0008636725965058,1
6,0.24731761723909831,0.1404597339420457,1
6,0.2497504241890779,0.1429846766097516,1
6,0.2293864929746549,0.0,1
6,0.2220221547769431,0.0,1
6,0.2428015245425446,0.0079150352947011,0
6,0.2170810769204398,0.0,1
6,0.2020053171860478,3.27248741493674e-08,1
6,0.2455681323781138,0.0018238407117562,0
6,0.2187747545770042,3.633230750892876e-05,1
6,0.2479655235418384,0.0080780139353283,1
6,0.2450496958742937,0.4762308460140191,1
6,0.2223156836174559,3.957785821062471e-06,1
6,0.23576208450398412,0.0,1
6,0.21813352137798842,0.0001469797945339,1
6,0.2404635836104541,0.0002865569923212,1
6,0.24068673855974151,0.0275056595408407,1
6,0.2417200623141366,0.0001479711946825,1
6,0.2442405194411944,0.1022720475745105,1
6,0.24007972239780892,0.8832366545174634,1
6,0.2504682118111617,0.0113610157545414,1
6,0.2421829366837075,4.284006284736239e-05,1
6,0.2474425512419276,0.1468578241217636,1
6,0.2460406087146569,0.0005791853896123,1
6,0.2485957882892694,0.008979984843664,1
6,0.2488951735511909,1.271168300348391,1
6,0.2231872237476948,0.0009088565383562,1
6,0.2110605944009484,0.0023722380984027,0
6,0.2495519423597561,0.0134437534344835,1
6,0.21775719511928332,0.0970319973681217,0
6,0.24896605410079428,0.0960638006243295,1
6,0.21140448664769979,0.0036261501523516,0
6,0.2327463713451132,0.0,1
6,0.2475916487124578,0.0134826240865009,1
6,0.2289686873824017,0.0188431950754775,1
6,0.24546228596286562,4.712048105754223,1
6,0.2191535089189206,0.0,0
6,0.2426221210339291,0.0,1
6,0.2435487236136007,6.914238699802524,0
6,0.2449221835028923,0.0003188842213535,0
6,0.2228701301718434,0.0051085553733219,1
6,0.2493408745290246,0.3471142508928164,1
6,0.2427097696717479,0.3836847311414593,1
6,0.2197907769015507,0.0017927651875436,1
6,0.2465572563260297,0.0161932741283057,1
6,0.2489817643698668,1.5512643108293551,1
6,0.24106668459529662,0.1886261467545696,0
6,0.2498059564329294,0.0010613150352468,1
6,0.2496216949991392,1.1798058364451478,1
6,0.22714220216932518,5.295212038740821e-06,0
6,0.2378346521910521,0.0,1
6,0.2225916951565772,0.0,1
6,0.2396181609600641,0.0,1
6,0.24742462003931212,0.9108575545463764,1
6,0.2244917981138938,0.0,0
6,0.2437927657775956,0.0023962909058825,1
6,0.23522389213382108,0.0003127251493651,1
6,0.2483626385404747,0.2752053562672726,1
6,0.2456080341424669,0.0474703682684706,1
6,0.2390850576840191,0.0,1
6,0.1898017841790883,3.0475818002578876e-05,1
6,0.241080874386667,0.0479911702694834,0
6,0.24519053538701002,0.0013509429514369,1
6,0.2374695750026379,5.208322602642748,0
6,0.2307194484715506,2.6024997057547023e-06,1
6,0.2455056955869247,0.0,1
6,0.2472260890327132,1.8844651053757704,1
6,0.250371041275969,2.421148314882419,1
6,0.2438348606448733,0.0377903286695116,1
6,0.2360546026136267,0.0,1
6,0.21100270946065808,0.0,0
6,0.23906820855135,0.0,1
6,0.2405428470519988,0.0009486765677028,1
6,0.2450008846492142,0.0519489221254045,1
6,0.2502733508744874,0.0321570098239894,1
6,0.2427267828309068,2.308177689935812,1
6,0.21946286862116668,0.0004470762910891,1
6,0.2500067024082532,0.0020134568551995,1
6,0.2402837297393478,0.0030792250958874,1
6,0.2404429732476737,0.0017495718908387,1
6,0.2508482503907346,4.001334807522627,1
6,0.2501593647352267,0.0042324681747506,1
6,0.2480815019780653,0.0130139174535671,1
6,0.2469932418131216,2.269259008734125,1
6,0.2355457058973859,0.001413236922804,1
6,0.2475670623901332,0.0014163690945976,1
6,0.23882805357734452,0.0198870948983584,1
6,0.2235895317085059,0.0238677038454454,1
6,0.2200809946547003,0.0001045339010823,1
6,0.24917730665342933,0.0096938446806327,1
6,0.2100084665565144,0.0203114152935275,0
6,0.2442851452886614,0.0157425378692511,0
6,0.2451847155962516,0.0279076798032783,1
6,0.2306124027050068,0.0007765577190253,1
6,0.2452925530503002,0.1147011930479472,1
6,0.250931940790183,0.0017642473444156,1
6,0.2371804898125709,0.0,1
6,0.2411498992236533,0.5606652377166577,0
6,0.2150873887147616,0.0,0
6,0.243578562513197,0.3616634427950466,0
6,0.22882827664213262,0.0,1
6,0.2507554241173545,0.0001614291089222,1
6,0.2423944107435408,1.815909608898154,1
6,0.24537029609316738,0.0015641471965805,1
6,0.2332091005657681,0.3787172023177267,1
6,0.24950427234397568,0.0169614349731898,1
6,0.2499849695197156,0.0017834681476217,1
6,0.2406176279797196,0.0,1
6,0.209529548406432,0.0,0
6,0.21132592528311128,0.0230432251675968,0
6,0.2469709197052602,0.0029937416039287,1
6,0.24491701733560461,0.1363157413242301,1
6,0.2168213028940984,0.040286595459073,0
6,0.247059827925759,2.1159425126838727,1
6,0.2478808881941933,0.0122494675058168,1
6,0.2493153732263178,0.0055151738657065,1
6,0.2475778886840922,0.0004185852751608,1
6,0.24381512140380482,0.4382287143565055,1
6,0.21932374010234693,0.0199238194187847,1
6,0.2440680998275297,1.5225282715960022,0
6,0.248010680937331,0.0205602519376328,1
6,0.2503594269599897,0.0031934247684666,1
6,0.2483681264369771,0.0067876792948911,1
6,0.22949929019760348,0.0,1
6,0.2474571901119039,2.4571584953188985,1
6,0.2308322348327623,2.9852979753665904e-05,1
6,0.2493639784026599,0.0112445931315636,1
6,0.2502093862461811,0.1695718407965394,1
6,0.24998341599855778,0.0043883679981103,1
6,0.2179887354635177,0.0198347512037348,1
6,0.23760656767606442,0.0,1
6,0.247213516757329,0.6169498595443467,1
6,0.2297080493162273,0.0026193719667767,1
6,0.23561221204046312,0.0009476415237478,1
6,0.24559238238680228,0.0141271463552905,1
6,0.248956353917627,0.0023636771553663,1
6,0.2412476413448614,0.000497728039942,1
6,0.23045278575036002,0.0034655432587062,1
6,0.2437920123385513,0.0148263404357035,1
6,0.2479839286124204,1.4096170154710168,1
6,0.2485071708733311,0.1351534725510411,1
6,0.2409997113728792,0.0014130537398755,1
6,0.24572317240035713,0.0116166321313009,1
6,0.2400983835278323,0.0005586793795685,1
6,0.2410440284340401,0.0,1
6,0.22091768161205538,0.0008180987224857,1
6,0.2200276626593945,0.0038672963446088,1
6,0.245476932071699,0.0101888432719713,0
6,0.239857342574857,0.0,1
6,0.24404891493099348,0.0171765692783663,1
6,0.18146731467604343,0.1624827949945804,0
6,0.24849188205994469,0.8933368304334222,1
6,0.22235350747382032,0.0,1
6,0.2498916171928805,0.0253024001112783,1
6,0.2456974200186532,0.0071704053874149,1
6,0.2301265686118783,0.0200530487881366,1
6,0.2290538916159587,5.20459521459265e-05,1
6,0.2461554942766022,0.0004251683548088,1
6,0.2460275539285923,0.0053597646527523,1
6,0.2401292492423539,0.0,1
6,0.2413917775690198,3.2734726034715694e-05,1
6,0.2375337635884589,0.022155783486034,1
6,0.2496942099600464,0.1254973582542906,1
6,0.25013439557969913,0.1503304927491368,1
6,0.24917512693475719,0.0291563114064474,1
6,0.2404531371893502,0.0253903897561718,1
6,0.250519456901111,0.00162920180068,1
6,0.2495776560594171,0.5205662509123976,1
6,0.2414648055993613,0.0136402368121286,1
6,0.24474047789787762,0.3502565248521149,1
6,0.2368393856413717,0.0874370538242195,1
6,0.2447073931767225,9.46503034170384,1
6,0.2301842111873708,0.0100352633292325,1
6,0.2468446712623508,0.088906147791751,1
6,0.2361257919697243,0.0110238468211889,1
6,0.2456805695763155,1.0447284784953308e-05,0
6,0.2490127039839255,1.053026271803591,1
6,0.2363856389978132,0.0189286214793607,1
6,0.2422937290521825,2.3540227348999496e-06,1
6,0.2495888087958437,1.2604902718088815,1
6,0.2400827907625506,1.3120065069194051e-05,1
6,0.249206658364386,0.004097136296394,1
6,0.2459098784725924,0.0494657756140501,1
6,0.2499395431462009,0.030143086056702,1
6,0.24884259369486939,0.0111217595501731,1
6,0.24019364683349612,1.7391903566634097,1
6,0.2470268187262242,0.0178590366449128,1
6,0.2486653865688555,0.0033655592661736,1
6,0.2454897251511304,0.00115848554985,1
6,0.2455451404034883,0.0343939390154469,1
6,0.21040175594318722,0.000162749881849,0
6,0.24717932261104142,0.1115067801519142,1
6,0.2226035559817055,0.0,1
6,0.217416049052096,0.0,1
6,0.2501915290790784,0.0570626482083463,1
6,0.2194846992855202,9.640974369436253e-06,1
6,0.241360349530817,0.0,1
6,0.2450866090227429,1.8480271901957328,1
6,0.2399282579473004,0.0,1
6,0.2508323621002064,0.0677898933951748,1
6,0.24112265858593002,0.080948502659232,1
6,0.237954840056327,1.274468548401304e-05,0
6,0.24003596404785618,0.9656501770334232,1
6,0.2451465259842841,3.025627945442809,1
6,0.2242768089296919,0.0,1
6,0.2398007120208828,0.0007107008028172,1
6,0.2159457765015646,0.0002618764456865,0
6,0.2446279337430946,0.0001719291432782,1
6,0.2493972297702851,3.6890880467032456,1
6,0.24377591364671092,0.0447520918304278,1
6,0.21211154582555142,0.0,0
6,0.2301398974836302,0.0021747555351207,1
6,0.2483021259146791,0.0931192029960128,1
6,0.2322477431348584,0.0008235361002353,1
6,0.2448308206639696,0.0205082489920206,1
6,0.2341630376255148,1.7723501218194308e-05,0
6,0.2306557536019959,0.0,1
6,0.2482688948313373,0.9371752553536788,1
6,0.2369024959249211,1.5663860596869073e-05,1
6,0.2464515900623651,0.1293349940496907,1
6,0.24836210700452402,0.0010623917942221,1
6,0.2450768124516742,0.0007024967730433,1
6,0.2332719128401318,4.556756368376891e-05,1
6,0.2404987313898099,0.0,1
6,0.2276359407667072,0.0013507931406166,1
6,0.2497140880464156,0.000467735881464,1
6,0.2363387549784732,0.0061856957580597,1
6,0.23630524683140508,1.7294364887742397e-05,1
6,0.2489300533782616,2.9094751055383585,1
6,0.2504284088316946,1.0834663518605868e-05,1
6,0.21807239743499318,0.0,1
6,0.24905572780966628,0.0019898706530248,1
6,0.2360725924463708,0.0012719511742644,1
6,0.2416247961917311,0.2669512994160655,0
6,0.24606962597844048,0.0039536357160665,1
6,0.2181254790268509,0.0,1
6,0.20950849027668672,0.0,0
6,0.22114179953351648,8.623541609861686e-06,1
6,0.2423192218150462,0.0198449548758111,1
6,0.2410474905608635,0.0445635489335628,1
6,0.24375516186751942,0.0201822558339156,1
6,0.2177391491690486,0.0,1
6,0.2310731891167769,9.474972988442556,0
6,0.2501442590589362,0.0076979685301144,1
6,0.2226251755508622,0.0114852384096772,1
6,0.24984880847438218,0.0496819680725353,1
6,0.235305374854896,0.0,1
6,0.248070147847294,0.0007237776326943,1
6,0.2466240495009512,0.1271330483288867,1
6,0.2412699801515765,1.9947302824496792e-05,1
6,0.2304592420894577,2.34463196591176e-06,1
6,0.22268616334366909,0.0,1
6,0.2504291867973202,0.000384818887623,1
6,0.23958918330088552,8.855776834476663e-06,1
6,0.2461365623667264,0.0272727498912281,1
6,0.2415466750042609,0.0009259231460085,1
6,0.25043516225498264,0.1244550478295222,1
6,0.2405794485227778,0.0086549061253066,0
6,0.24716854568517302,0.0015498617466383,1
6,0.21292880912599713,7.644735107789346e-05,0
6,0.2453278144137513,0.0278387423264146,0
6,0.24979546452130982,0.0071414863053764,1
6,0.250263708747189,0.0012910116876133,1
6,0.2449949910264794,0.0001838865172406,0
6,0.24612862709135688,0.0986016265574555,1
6,0.220404690785826,0.024172139872163,1
6,0.2498165617051914,2.4043765210296373,1
6,0.2207621759781104,0.0001926350544536,1
6,0.2489204990472484,9.505376855824234e-05,1
6,0.21969109564898612,0.0,1
6,0.2504032803368395,0.002040589255173,1
6,0.2109310220088928,2.567650284005804e-05,0
6,0.2393996434992818,0.0,1
6,0.246535842087452,0.0764423485065678,1
6,0.2451389384830208,6.348966528278499,1
6,0.2139213439409194,0.0,0
6,0.2302985836565212,0.0,1
6,0.2491623843504779,8.168099427795832,1
6,0.2465616177736818,0.0040805723275467,1
6,0.23567969854040238,0.0020748662115781,1
6,0.2300095019215255,7.880871255571226e-06,1
6,0.24568818337881929,0.0356288656517172,1
6,0.2499417017610173,0.0514460998228672,1
6,0.2491631331031527,0.0320349436316301,1
6,0.240251973656011,0.0074367000295389,1
6,0.2453620240441543,0.0783280789958765,1
6,0.2462379855721666,2.7821321364246426e-05,1
6,0.21166347228498722,5.32017165098548e-06,0
6,0.2462369029876551,0.0005204568411956,1
6,0.2300516575159152,1.0902755593057858e-06,1
6,0.2505208487893623,0.1877430602482122,1
6,0.2186962866418448,0.0,1
6,0.2301501813967554,0.0,1
6,0.249474626626663,0.0047027269317066,1
6,0.24117464422411772,0.1042236878139632,0
6,0.235481605538277,0.0191602895757042,1
6,0.2459414358793538,0.0156821394864994,0
6,0.22833404413959119,0.0003326520129849,1
6,0.22958157770460602,0.0,1
6,0.2484587944704199,0.3039649016323367,1
6,0.2489472286104796,2.73214081539912,1
6,0.2418308116645575,7.762170322490862e-05,1
6,0.2499839090156192,0.0018912015330374,1
6,0.22349398961145941,0.0,1
6,0.2302740473091898,0.0008520375279166,1
6,0.21871714230074252,0.0,1
6,0.2454294884031503,0.299400740277068,1
6,0.2445097923141929,0.0092427389058973,1
6,0.2504596424393859,5.641618407961572e-05,1
6,0.24793349453907532,1.5338314132720816,1
6,0.2409895237674881,2.3750667887623724e-05,1
6,0.2437326334748541,0.2427265908825783,1
6,0.248059447401344,0.0328381814357158,1
6,0.2504813341395129,0.0342561802185676,1
6,0.2426216315697339,0.0,1
6,0.2297862863109586,0.0,1
6,0.2308974299495892,3.987018683257799e-06,1
6,0.2362035401423332,0.0003710419575999,1
6,0.2460967076059488,0.0787038844106481,1
6,0.23941826323213092,0.0109724109173777,1
6,0.24744268108641668,0.004509535080206,1
6,0.2402482702238049,0.0003996169627857,1
6,0.2443363997940313,0.0,1
6,0.2479139631117892,0.2001015945516147,1
6,0.2482930090527475,0.0009559639631354,1
6,0.24522238469824792,0.0703049939616616,1
6,0.24618326779707492,0.0078464491146988,1
6,0.2190475139976086,2.634483211624672e-06,1
6,0.2455176277782521,0.0065166350470213,1
6,0.2186084262246412,0.0002151207805424,1
6,0.24752599519676058,0.1654692819982371,1
6,0.2401391895704334,0.0,1
6,0.24130902758322398,0.0,1
6,0.236309801834752,4.319455977056628e-05,1
6,0.2102031031795765,0.0008478485113256,0
6,0.2455800111040297,0.0017961823789536,0
6,0.2504982469579175,0.021445402302967,1
6,0.2499156332436653,0.0007680864691781,1
6,0.2295607153845255,0.0,1
6,0.23568202553942919,0.0,1
6,0.2205921718810989,0.0002340706628497,1
6,0.240211116636572,4.001684206917666e-05,1
6,0.2449863345397282,2.0266551988149657,1
6,0.2396819708983783,0.0,1
6,0.24144863787264131,0.0010770525758082,1
6,0.2500492053764125,0.0203866926983098,1
6,0.2166489709242069,0.0,0
6,0.21858968155307412,0.0004210134876602,1
6,0.2454770316802595,0.0026309703703763,0
6,0.2105559815547092,0.0016546646001072,0
6,0.2189647872858934,0.0005373148813443,1
6,0.2492822137781912,0.0825168523372564,1
6,0.2482856302702765,0.027482120291798,1
6,0.2502328409892159,0.0311069554729491,1
6,0.24061189010513723,0.0,1
6,0.2452480127730366,0.0023372186772923,1
6,0.24506956720236742,0.0432348055968861,1
6,0.2168445792928159,4.205695779247968e-06,0
6,0.23698218472591992,7.800238388538319e-07,1
6,0.210748601239615,0.0030451531144628,0
6,0.2416280993865882,0.0001387805972862,1
6,0.2485048602971761,0.0137990061411504,1
6,0.2393093965440618,6.791236600725597e-05,1
6,0.2440011615077837,0.0583912172790751,0
6,0.2400118028027538,1.0627531009067035,0
6,0.2219472440948039,0.0,1
6,0.2507674822233461,0.0066871470645611,1
6,0.245292227289716,3.259641769824712,0
6,0.2491231064169922,6.53825179150225,1
6,0.23983922767996207,0.0,1
6,0.2406675360099511,0.0,1
6,0.2470985832884042,0.1603450792106799,1
6,0.2504450746278911,0.9613219088793198,1
6,0.22973369685889,0.0,1
6,0.24910102239035042,0.2770332638640032,1
6,0.24765890335144658,0.0011326135580174,1
6,0.2183952041273672,0.0061171488930079,1
6,0.2447621867271502,0.1878814519630336,0
6,0.2440683275551983,8.620235018285036e-06,0
6,0.2498171073892738,0.0028146099327407,1
6,0.2477978005614207,0.2202585827692615,1
6,0.24788731210877252,0.0038208721234477,1
6,0.23043431658640662,0.0,1
6,0.2294205501658662,0.0063732921588508,1
6,0.2402019435333671,0.0,1
6,0.2494465237569056,4.156772319422552,1
6,0.2360716481105715,7.505805056002688e-07,1
6,0.2398875961291953,0.0004497909100399,1
6,0.2485767990006113,0.2695250070885459,1
6,0.2496016163445198,0.0367370101547442,1
6,0.2451485422721978,0.0019543513085242,1
36,0.24033831940214298,0.0057372434706886,1
36,0.2486238597520706,0.0473741096905246,1
36,0.24856726965074682,0.0039670520739559,1
36,0.2446091513426639,0.0011536704292772,1
36,0.2369450922026291,0.0021195282387752,1
36,0.24464703044076022,0.0006627078495452,1
36,0.2474473400980965,0.0,1
36,0.2022843929265272,0.0,0
36,0.2040178214235827,0.0014470610577682,0
36,0.2400711358565364,0.0005601443752753,1
36,0.2453699333323448,0.020621694693841,1
36,0.2450374817768543,0.0515361151265993,1
36,0.24460984984733541,0.0,1
36,0.23863448027078452,0.0,1
36,0.2041624295901267,0.0031913956068269,0
36,0.23696632881795462,0.0,1
36,0.2178084081450894,3.4374219979881285e-08,1
36,0.2030375404327495,0.0013342105717837,0
36,0.2385327667199466,4.140722907276789e-05,1
36,0.2403561892109982,0.0003668803723268,1
36,0.2361202201382755,0.6988309116547428,1
36,0.2390438345677415,3.905357471150555e-06,1
36,0.2407028494281201,0.0,1
36,0.2373558400914903,0.0003915832545547,1
36,0.24452333316826588,0.0002906170135411,1
36,0.2446753829748077,0.0314104659770719,1
36,0.2368950748136298,0.0001452082422018,1
36,0.23971534973654018,0.0269747928198291,1
36,0.2330248006323363,1.4044256464136686,1
36,0.24870321288430558,0.00707089396623,1
36,0.2320006149681831,2.69968189370508e-05,1
36,0.2437485831283751,0.0102800840038304,1
36,0.23999267107037808,0.0002464983169582,1
36,0.2409099555009565,0.009967244741992,1
36,0.2446841961719141,1.536196457977786,1
36,0.2384369446037023,0.001193948364914,1
36,0.2023640628964736,0.0023719533513627,0
36,0.24201932781606061,0.000673517374189,1
36,0.1990701802897958,0.0074625655407791,0
36,0.2477304579282511,0.0764615516296913,1
36,0.202690566208807,0.0035900718096808,0
36,0.2447417496939625,0.0,1
36,0.24513951550016622,0.0054615028810816,1
36,0.2444056203477477,0.0191780367301035,1
36,0.2316431525719082,4.575178011834911,1
36,0.1997558593633832,0.0,0
36,0.2430020387941445,0.0,1
36,0.2010137371825893,0.0226954865087961,0
36,0.2023061891330351,0.0002618716509275,0
36,0.219437485447177,0.0045731861991209,1
36,0.2479887914329098,0.1454738772841099,1
36,0.23784319484290842,0.4308316254931991,1
36,0.239329893702257,0.0018279461722937,1
36,0.2432156322590816,0.0175907883564475,1
36,0.24365779606293592,1.7879848202806177,1
36,0.20322279884143457,0.0047246317990717,0
36,0.2475446879983026,0.000973067394692,1
36,0.2388813074587059,0.9227894039982596,1
36,0.2012012932236752,2.691720153063572e-06,0
36,0.2437384816016889,0.0,1
36,0.2377711795394854,0.0,1
36,0.24370895832862488,0.0,1
36,0.2409803173341461,0.9454530223103252,1
36,0.1989163904741974,0.0,0
36,0.24715321313892072,0.0023099663364588,1
36,0.24043606005198379,0.0003129220069177,1
36,0.24790082977015818,0.0229072099387684,1
36,0.2404787250633442,0.0656708905419497,1
36,0.24328428766833368,0.0,1
36,0.20777588023626753,3.0513408178287174e-05,1
36,0.2037326350064583,0.0114567530179584,0
36,0.2389949220869492,0.0007555221472398,1
36,0.2011831893844396,0.0206050829930567,0
36,0.2453568906708658,4.13602657519848e-06,1
36,0.23536642112410078,0.0,1
36,0.2376783004258196,2.2603843806315744,1
36,0.2405818103877703,0.5937854165065625,1
36,0.24528051006792212,0.0861082545851504,1
36,0.24801114562063442,0.0,1
36,0.2023905846106872,0.0,0
36,0.2432631767279251,0.0,1
36,0.2445542435656773,0.0009490499379431,1
36,0.2373957039456517,0.0626313690042671,1
36,0.24848234831657579,0.0148967719936461,1
36,0.23347585909694418,0.0496706585949621,1
36,0.2380783110949402,0.0004512129579082,1
36,0.2450995160223856,0.0003828057619121,1
36,0.2443860583237636,0.0032747485874563,1
36,0.2475814234492434,0.0017586669005292,1
36,0.2203552228841204,4.548211532250994,1
36,0.2413687330153283,0.0037832376301817,1
36,0.2481947522127052,0.011579341762137,1
36,0.22886544613384402,2.9041367355503804,1
36,0.2405717211450559,0.0014183203032519,1
36,0.2478333379575986,0.0018367326796885,1
36,0.2431318637358956,0.0200440314036307,1
36,0.2395293680625952,0.0238622350409068,1
36,0.2382114707940956,0.000311775073216,1
36,0.23605641001440109,0.0020374215825313,1
36,0.2011005864382968,0.0203085643729189,0
36,0.20348163540590739,0.0003411145367145,0
36,0.2423409291899412,0.0274933196985838,1
36,0.2452965255481298,0.0010207697812814,1
36,0.24492209727714082,0.0011221616561048,1
36,0.2482307069575922,0.002162875909563,1
36,0.2399603545126004,0.0,1
36,0.20240147921810359,0.0241815789630919,0
36,0.19944662329322682,0.0,0
36,0.20186322021926342,0.0113119811909638,0
36,0.2441965283674996,0.0,1
36,0.23705954096728118,9.229422844038647e-05,1
36,0.22843538832183022,2.79496577031274,1
36,0.2379914675558064,0.0013821202095934,1
36,0.2375725099609683,0.0933830002808584,1
36,0.24548814534904392,0.0020988333563518,1
36,0.2452986042846459,0.000161647930603,1
36,0.2356011922188322,0.0,1
36,0.2007492719960439,0.0,0
36,0.20258620395293922,0.0224095464193433,0
36,0.24604609858017082,0.0033687773400414,1
36,0.2389507912713668,0.0147110321699703,1
36,0.2024022033295929,0.0397665610014022,0
36,0.2446111247257914,1.3439405502035369,1
36,0.2439786156058023,0.0093652295997064,1
36,0.24505710125061858,0.0050955724671253,1
36,0.2444595175649366,0.0004560558800148,1
36,0.2339398185425403,0.3965756683142967,1
36,0.2389900983732407,0.0201983656805622,1
36,0.2026365868186217,0.0261500689714412,0
36,0.2405278611135065,0.0168033528599681,1
36,0.2371832264758703,0.0003781156429896,1
36,0.2454400667550002,0.0063049118190919,1
36,0.2445591994366702,0.0,1
36,0.2332371828147409,2.2352262871629827,1
36,0.2453339417349362,4.799630600615647e-05,1
36,0.2482589356076445,0.0110691292846043,1
36,0.2485898703388872,0.0207635615621569,1
36,0.2486974440481512,0.0040363594627635,1
36,0.2370937521356451,0.0205063043808813,1
36,0.2404796065417527,0.0,1
36,0.24630327204040398,0.7613005345470584,1
36,0.2446883622753403,0.0026202212051929,1
36,0.24787276899066232,0.0009571123099215,1
36,0.23775481659655742,0.0175781441307043,1
36,0.24485263059797652,0.001884270310154,1
36,0.23639373288625998,0.0004976160167759,1
36,0.2451614777143332,0.0039247721330058,1
36,0.2397620730520489,0.0006961564435828,1
36,0.2373163211154211,1.0948384046467612,1
36,0.2482969128485866,0.182776549764799,1
36,0.2479380906821869,0.00150732009412,1
36,0.240313741302812,0.0152850645124318,1
36,0.247362882271268,0.0005588866485854,1
36,0.2432759289771826,0.0,1
36,0.2399603000966366,0.000834191749317,1
36,0.2345571303593673,0.0040517074649767,1
36,0.2026125109629661,0.0022389127452549,0
36,0.2439667411037724,0.0,1
36,0.2456534449710616,0.0018642757549852,1
36,0.1875804776082717,0.0288280643737847,0
36,0.2366682578553232,1.0191878609344065,1
36,0.2377202914741129,0.0,1
36,0.2418595483345541,0.0020417410368725,1
36,0.2381951654644584,0.0048134109605586,1
36,0.2370922687882569,0.0201938762503722,1
36,0.2394249033454984,4.587431142457989e-05,1
36,0.24000590897063592,0.0002098391719017,1
36,0.2435786227886422,0.0051147839880401,1
36,0.2442051836424125,0.0,1
36,0.2365486472428735,2.976332777657702e-05,1
36,0.24876652529281612,0.0239594871140306,1
36,0.2447922273107369,0.187465707395448,1
36,0.2414270734192431,0.1118420157478342,1
36,0.2415871292464952,0.0328772593537901,1
36,0.2444658073360188,0.0261868329014595,1
36,0.2480670535132553,0.0020561803400392,1
36,0.24025719193381598,0.5724043750909176,1
36,0.236576244142539,0.0136398822977481,1
36,0.2368538795924059,0.1306990082840324,1
36,0.2415934672178601,0.1095999301553144,1
36,0.1847473371265337,10.64337235697656,1
36,0.24500114942583243,0.0198865617943819,1
36,0.24577556644409182,0.1005197045367478,1
36,0.2480577677123571,0.0120208712700492,1
36,0.20025996392801892,6.476880978818587e-06,0
36,0.2458131155621919,1.1701796014071626,1
36,0.2482038411601314,0.0189541904500227,1
36,0.2479864307474396,2.010293399821109e-06,1
36,0.24087600835877448,1.406325458275848,1
36,0.2442478845776393,1.3222308644298653e-05,1
36,0.2484252139599301,0.0047863345906694,1
36,0.24015160289393628,0.0146500154251362,1
36,0.23688501868062561,0.0014594633402897,1
36,0.247906375397651,0.0123503911722284,1
36,0.2386202121950485,0.3066078238508996,1
36,0.2383395539434476,0.0182203477806883,1
36,0.2478986352036204,0.0032116599433147,1
36,0.2390362305376037,0.0019480349299862,1
36,0.2384448543992378,0.0281719547638404,1
36,0.2016611763809911,0.0001611600991776,0
36,0.244815580287663,0.0058718277889124,1
36,0.2380416832164774,0.0,1
36,0.2368174760243874,0.0,1
36,0.24870780074221172,0.0386745663063338,1
36,0.2384458561181654,3.651339341920383e-05,1
36,0.24002228415596952,0.0,1
36,0.2336892306067043,1.3978701537484868,1
36,0.2440359945097021,0.0,1
36,0.2367735449729556,0.0472933255117587,1
36,0.23942552807749082,0.1407278927687124,1
36,0.1995330625219831,8.849005114490552e-06,0
36,0.2295063005104534,2.3362240059651103,1
36,0.22008102502291818,4.504707567167017,1
36,0.2388034268765668,0.0,1
36,0.24505641386740531,0.0007124098419166,1
36,0.2030074135985787,0.0002511469457007,0
36,0.2383614837485932,0.0001982675408836,1
36,0.2314340312082446,4.951437536417667,1
36,0.24504856638232622,0.0159454962260648,1
36,0.2002860452896242,0.0,0
36,0.24505364152517511,0.0023950372218102,1
36,0.2454759781588423,0.0690037073079687,1
36,0.2322856049171982,0.0013349934500443,1
36,0.2381589851954212,0.0327987087611892,1
36,0.2005271472462308,1.43852082521933e-05,0
36,0.2451745228296198,0.0,1
36,0.2387432383393854,0.9113769166948548,1
36,0.24170861152799492,1.6161435158143118e-05,1
36,0.24508741592258113,0.0370224358664531,1
36,0.2440443520605795,0.0002446406478155,1
36,0.23796624040399458,0.0009357338497926,1
36,0.2450186703251721,4.3284224345933176e-05,1
36,0.23551366904143428,0.0,1
36,0.23742888803365159,0.0013513822745956,1
36,0.2369616859309076,0.0001125615823322,1
36,0.2412536979290292,0.0072300416489369,1
36,0.2412174238653435,1.891502339616686e-05,1
36,0.2415762931663697,2.603887821639567,1
36,0.23623378176598228,9.67238702111916e-06,1
36,0.2373486698130841,0.0,1
36,0.2479284815271632,0.0007002409490057,1
36,0.2481427730876164,0.0013236753202582,1
36,0.2038561032760634,0.0107095773095512,0
36,0.2387291014730286,0.0001327912322858,1
36,0.2369370588326632,0.0,1
36,0.2006499017105916,0.0,0
36,0.2415817872879848,9.065018724248098e-06,1
36,0.2448789918578054,0.0198179364425572,1
36,0.24019103702998312,0.0053577417175719,1
36,0.2408390560867186,0.0062338590115553,1
36,0.2368060824886427,0.0,1
36,0.2033242368669073,0.0266673905975479,0
36,0.2420202569472229,0.007874983872414,1
36,0.2336781356741092,0.0095721043750846,1
36,0.2444967381905232,0.0601780224889202,1
36,0.24758677980659521,0.0,1
36,0.2416476706348959,2.514118951510614e-05,1
36,0.2458025094430048,0.1572143948045417,1
36,0.2481270708081721,2.2940885561905755e-05,1
36,0.2452128821915653,2.4302785024543925e-06,1
36,0.23967737720093318,0.0,1
36,0.2477783321317364,3.073883836461491e-05,1
36,0.2437708520737419,8.873088275992486e-06,1
36,0.2433599910183786,0.0295047863403237,1
36,0.2454028151481145,0.0009532392017876,1
36,0.2416162574418592,0.0148997057116897,1
36,0.2030171536881564,0.0012069640719147,0
36,0.2473930165796443,0.001855694928688,1
36,0.2012169416473825,7.486961201621907e-05,0
36,0.2020414737994425,0.0009712542590327,0
36,0.2482991731541522,0.0070783402894158,1
36,0.2369528971289943,0.0006404906736819,1
36,0.2031875376624123,1.7900169093031262e-05,0
36,0.2424289662055244,0.1073109921821741,1
36,0.2410045356855558,0.0245595478975826,1
36,0.241723946790392,2.660141006035962,1
36,0.2397981246931697,0.0001985050369913,1
36,0.2458193852980559,6.295652273806846e-05,1
36,0.2390126398919532,0.0,1
36,0.2486556318271333,0.0003585506078356,1
36,0.202233585321875,2.343811589977401e-05,0
36,0.2478753425973946,0.0,1
36,0.2448877683445106,0.0930786505799935,1
36,0.22806880417066508,5.514154188899619,1
36,0.2017964145973495,0.0,0
36,0.2450228084266698,0.0,1
36,0.2025025789078098,8.928699942246723,1
36,0.2425558037149884,0.0013355717568932,1
36,0.23864121719744918,0.0020679495089428,1
36,0.24481207281205242,8.071308524591215e-06,1
36,0.2382121067405078,0.0368123809176481,1
36,0.2485945991455004,0.0547419308949417,1
36,0.24811710627850278,0.0285614312114639,1
36,0.2443588572477387,0.0074438769579823,1
36,0.2381090674201836,0.1259025205343798,1
36,0.2449596733119612,2.739624861018272e-05,1
36,0.20294089832586812,5.1641697339865865e-06,0
36,0.24116848280490472,0.0006628902245858,1
36,0.2450397949073527,1.1205214875066352e-06,1
36,0.2365857865869397,0.0293291297815656,1
36,0.2386236847288753,0.0,1
36,0.2448891203880097,0.0,1
36,0.2366339847665106,0.0041964618785812,1
36,0.2033713067666462,0.0180934004884777,0
36,0.2405487446201889,0.0192149810172619,1
36,0.2262002256482547,0.0052842936522325,0
36,0.232066752994395,0.0003354202279846,1
36,0.2445785016740932,0.0,1
36,0.24552062237144529,0.0850407438675593,1
36,0.2277162519894165,3.214537869622299,1
36,0.2370003581418198,7.453925203751378e-05,1
36,0.248494047550417,0.0023761547594788,1
36,0.2413039889039017,0.0,1
36,0.24508537730463378,0.0010863963994876,1
36,0.23965584168984652,0.0,1
36,0.2379955847784776,0.0186710165767111,1
36,0.23853459264914528,0.0062442254118507,1
36,0.2481000104511189,5.713133257943688e-05,1
36,0.2367525425460332,2.6177427532351243,1
36,0.2359806861856861,2.325178240652264e-05,1
36,0.2336016934951419,0.3590640737162694,1
36,0.2442283604731808,0.0115540634584278,1
36,0.23706527691373708,0.0255901974331423,1
36,0.2429836503195889,0.0,1
36,0.24465773823075382,0.0,1
36,0.2454069357417254,6.355296056454841e-06,1
36,0.2481234350074551,0.0003713328277553,1
36,0.24010759911485052,0.0762169189221661,1
36,0.2436162471623311,0.0113863168685151,1
36,0.24401213634324762,0.0048873498805989,1
36,0.24434987822585222,0.0004138769718816,1
36,0.234920356273924,0.0,1
36,0.2451801580667991,0.0205591272134093,1
36,0.2437890058411193,6.601125146125353e-05,1
36,0.2382242091983386,0.0610084507041727,1
36,0.239447336621355,0.0063387714945571,1
36,0.2374950144162182,2.635763844444635e-06,1
36,0.2334464615012826,0.0004176437742919,1
36,0.2380124882553034,0.0002164823128184,1
36,0.24532696403975351,0.2239876421185536,1
36,0.2442265257834982,0.0,1
36,0.2405376705981122,0.0,1
36,0.24820296666471628,4.321153105969633e-05,1
36,0.2013828395868187,0.0008291701357954,0
36,0.2029499452478613,0.0006517813718124,0
36,0.24848161517692202,0.0235823893831726,1
36,0.2452040550922707,0.0001914565162203,1
36,0.2446135860185213,0.0,1
36,0.24783388094146,0.0,1
36,0.2402016809442025,0.0004934784271034,1
36,0.2475626296016317,4.008092451763095e-05,1
36,0.22758032656664168,2.8182373999569417,1
36,0.2438096304111183,0.0,1
36,0.2482670614762165,0.0010959405043276,1
36,0.2372348041850387,0.0188916551845806,1
36,0.20120992173351962,0.0,0
36,0.2387445642485704,0.0007295911546028,1
36,0.2033236206722583,0.0020797279395766,0
36,0.201741928715474,0.0015697548116698,0
36,0.237740920542926,0.0007467378672308,1
36,0.2455741216516378,0.0943620116173542,1
36,0.2449523856089441,0.0319787590842051,1
36,0.2370315342816644,0.0212999511187932,1
36,0.2446240560716749,0.0,1
36,0.2387087325514899,0.0027051297223387,1
36,0.23815575183060111,0.0240726304814692,1
36,0.1987562247709046,4.201553287009947e-06,0
36,0.2485360009663238,7.854405074853608e-07,1
36,0.2019733235340169,0.0030450079271927,0
36,0.2367719237830778,0.0001364676585888,1
36,0.24577603362199002,0.0129289840500512,1
36,0.2435326769870495,6.993836002005868e-05,1
36,0.2043935638829325,0.0109982072509529,0
36,0.20352742725898348,0.0409078095358511,0
36,0.23752428479950322,0.0,1
36,0.2489924654474061,0.0070879098117163,1
36,0.18224572756147273,2.449597727623115,0
36,0.2227573364583906,6.926851670208105,1
36,0.24719170197826898,0.0,1
36,0.2356959658803468,0.0,1
36,0.2442702169358149,0.0320561802235864,1
36,0.23844454998353168,0.981433981884599,1
36,0.2447499027032538,0.0,1
36,0.24818967060137262,0.0230515659860015,1
36,0.2425288773670128,0.0014171245511152,1
36,0.2373341048765266,0.0163167732382532,1
36,0.2029612250245254,0.1316686361748094,0
36,0.20140948032548672,6.782204735465286e-06,0
36,0.2450107391070998,0.0011346618212322,1
36,0.2439648402425033,0.0283939535749672,1
36,0.2435488957701681,0.001895874429472,1
36,0.2450897980737772,0.0,1
36,0.24464607994920742,0.0065831540705871,1
36,0.24741467062940592,0.0,1
36,0.2323292825369976,4.682933523715798,1
36,0.247987186205532,8.521592031340407e-07,1
36,0.2440015136152652,0.0004508840066617,1
36,0.24336738279554881,0.2239616809443712,1
36,0.2424245556488153,0.0247354963728465,1
36,0.2429588911839574,0.0021099452622583,1
